frame,t_s,seq,current_A,mean_rgb,mean_Y,mean_R,mean_G,mean_B
0,0.000000,0,,16.169570,7.517967,23.101326,1.200952,24.206431
1,0.033333,0,,16.265851,7.576446,23.220043,1.233544,24.343967
2,0.066667,0,,16.247627,7.565887,23.196618,1.228377,24.317885
3,0.100000,0,,16.280817,7.592861,23.233626,1.251064,24.357760
4,0.133333,0,,16.196941,7.550788,23.125495,1.237498,24.227831
5,0.166667,0,,16.281471,7.601668,23.230318,1.265265,24.348830
6,0.200000,0,,16.263247,7.591294,23.206885,1.260386,24.322471
7,0.233333,0,,16.293496,7.614284,23.241989,1.278286,24.360213
8,0.266667,0,,16.218714,7.576377,23.146209,1.265437,24.244495
9,0.300000,0,,16.312506,7.630635,23.261223,1.293111,24.383185
10,0.333333,0,,16.291787,7.619590,23.234985,1.288641,24.351736
11,0.366667,0,,16.324935,7.643396,23.273500,1.306090,24.395213
12,0.400000,0,,16.240932,7.602231,23.167043,1.293612,24.262141
13,0.433333,0,,15.888919,7.174809,22.949987,0.794854,23.921916
14,0.466667,0,,15.887026,7.173941,22.947916,0.794593,23.918569
15,0.500000,0,,15.952208,7.206198,23.037402,0.803264,24.015958
16,0.533333,0,,15.887059,7.183214,22.943328,0.810005,23.907845
17,0.566667,0,,16.346459,7.389589,23.575501,0.838173,24.625704
18,0.600000,0,,16.224429,7.344311,23.396441,0.847961,24.428883
19,0.633333,0,,16.393296,7.442192,23.619503,0.894597,24.665788
20,0.666667,0,,15.975869,7.287742,23.034666,0.922708,23.970233
21,0.700000,0,,16.379604,7.471772,23.589513,0.951761,24.597537
22,0.733333,0,,16.280547,7.434725,23.447790,0.958458,24.435393
23,0.766667,0,,16.431728,7.523587,23.647207,1.002189,24.645789
24,0.800000,0,,16.060927,7.383671,23.126947,1.023096,24.032740
25,0.833333,0,,16.393244,7.539481,23.584384,1.053588,24.541759
26,0.866667,0,,16.306705,7.504034,23.459899,1.054793,24.405422
27,0.900000,0,,16.432842,7.578675,23.627128,1.091871,24.579528
28,0.933333,0,,16.120227,7.456126,23.183067,1.103549,24.074064
29,0.966667,0,,16.401850,7.594087,23.568933,1.138985,24.497632
30,1.000000,0,,16.325231,7.560311,23.461095,1.135814,24.378784
31,1.033333,0,,16.433898,7.626137,23.601415,1.170943,24.529336
32,1.066667,0,,16.182626,7.522066,23.244890,1.171581,24.131406
33,1.100000,0,,16.521136,7.691244,23.708058,1.219525,24.635827
34,1.133333,0,,16.433086,7.655184,23.578218,1.221455,24.499583
35,1.166667,0,,16.571223,7.740353,23.757803,1.268166,24.687700
36,1.200000,0,,16.279196,7.619038,23.348688,1.267198,24.221701
37,1.233333,0,,16.723915,7.813060,23.959327,1.285802,24.926617
38,1.266667,0,,16.584862,7.751821,23.768440,1.279083,24.707064
39,1.300000,0,,16.764172,7.848907,24.007865,1.317393,24.967258
40,1.333333,0,,16.314788,7.666033,23.381921,1.321039,24.241405
41,1.366667,0,,16.553090,7.786775,23.700315,1.359022,24.599934
42,1.400000,0,,16.485756,7.754089,23.607817,1.351068,24.498384
43,1.433333,0,,16.576422,7.808790,23.726253,1.379737,24.623276
44,1.466667,0,,16.350755,7.708461,23.416577,1.367340,24.268349
45,1.500000,0,,16.351007,7.708526,23.416879,1.367291,24.268850
46,1.533333,0,,16.350800,7.708392,23.416551,1.367224,24.268625
47,1.566667,0,,16.350855,7.708370,23.416698,1.367139,24.268729
48,1.600000,0,,15.550962,6.946427,22.518658,0.647696,23.486533
49,1.633333,0,,16.051223,7.163203,23.212027,0.664913,24.276730
50,1.666667,0,,15.946813,7.127062,23.060114,0.677049,24.103276
51,1.700000,0,,16.117413,7.220916,23.287004,0.716002,24.349233
52,1.733333,0,,15.710489,7.078180,22.713646,0.756287,23.661534
53,1.766667,0,,16.229800,7.308288,23.445756,0.779361,24.464283
54,1.800000,0,,16.130494,7.277249,23.297030,0.797015,24.297437
55,1.833333,0,,16.332045,7.393173,23.565352,0.850819,24.579963
56,1.866667,0,,15.908440,7.241994,22.955266,0.891612,23.878441
57,1.900000,0,,16.347449,7.442022,23.569293,0.920740,24.552314
58,1.933333,0,,16.243275,7.404289,23.418740,0.930023,24.381061
59,1.966667,0,,16.409254,7.501704,23.639352,0.977440,24.610969
60,2.000000,0,,16.024285,7.356691,23.082186,1.003254,23.987413
61,2.033333,0,,16.454123,7.553534,23.677297,1.034648,24.650423
62,2.066667,0,,16.344492,7.511338,23.519068,1.040503,24.473904
63,2.100000,0,,16.503912,7.604556,23.732201,1.085238,24.694297
64,2.133333,0,,16.125890,7.462047,23.193876,1.108490,24.075304
65,2.166667,0,,16.430382,7.608974,23.614742,1.142525,24.533879
66,2.200000,0,,16.346789,7.572603,23.494249,1.140429,24.405689
67,2.233333,0,,16.465208,7.643392,23.651373,1.176323,24.567930
68,2.266667,0,,16.191887,7.530975,23.262896,1.178385,24.134380
69,2.300000,0,,16.538517,7.702973,23.737304,1.225525,24.652721
70,2.333333,0,,16.453033,7.668050,23.610532,1.227689,24.520880
71,2.366667,0,,16.595575,7.755794,23.797505,1.275308,24.713912
72,2.400000,0,,16.290948,7.629885,23.369310,1.275607,24.227926
73,2.433333,0,,16.719889,7.812017,23.964149,1.284482,24.911036
74,2.466667,0,,16.563081,7.742101,23.745739,1.276262,24.667242
75,2.500000,0,,16.728436,7.827543,23.966493,1.305239,24.913576
76,2.533333,0,,16.321789,7.660843,23.398778,1.306928,24.259660
77,2.566667,0,,16.552073,7.778520,23.709781,1.344461,24.601977
78,2.600000,0,,16.488181,7.746793,23.620414,1.336155,24.507973
79,2.633333,0,,16.577313,7.801394,23.736173,1.365769,24.629996
80,2.666667,0,,16.365207,7.705167,23.442361,1.351720,24.301541
81,2.700000,0,,16.572325,7.811824,23.717994,1.387640,24.611340
82,2.733333,0,,16.514468,7.783925,23.638971,1.380995,24.523436
83,2.766667,0,,16.596056,7.833565,23.743544,1.407878,24.636748
84,2.800000,0,,16.404218,7.747156,23.480437,1.395566,24.336649
85,2.833333,0,,16.404218,7.747156,23.480437,1.395566,24.336649
86,2.866667,0,,15.550978,6.967690,22.577786,0.667849,23.407299
87,2.900000,0,,15.553500,6.968919,22.581393,0.668124,23.410984
88,2.933333,0,,15.552437,6.968583,22.579759,0.668315,23.409237
89,2.966667,0,,16.043293,7.193837,23.268536,0.702888,24.158454
90,3.000000,0,,15.885996,7.154468,23.035324,0.745570,23.877093
91,3.033333,0,,16.027112,7.232284,23.220952,0.778523,24.081861
92,3.066667,0,,15.742653,7.129313,22.821226,0.801483,23.605250
93,3.100000,0,,16.279298,7.368965,23.570548,0.829804,24.437542
94,3.133333,0,,16.172056,7.337221,23.408964,0.851844,24.255361
95,3.166667,0,,16.384018,7.462058,23.690089,0.913205,24.548760
96,3.200000,0,,15.918845,7.297048,23.021366,0.959295,23.775875
97,3.233333,0,,16.265316,7.454882,23.507015,0.982006,24.306927
98,3.266667,0,,16.179434,7.420208,23.381671,0.984379,24.172252
99,3.300000,0,,16.308167,7.494960,23.555641,1.019284,24.349575
100,3.333333,0,,15.994290,7.372346,23.104771,1.032773,23.845326
101,3.366667,0,,16.383601,7.554559,23.639387,1.068275,24.443142
102,3.400000,0,,16.276790,7.514874,23.481370,1.077041,24.271957
103,3.433333,0,,16.424122,7.602588,23.675451,1.121446,24.475469
104,3.466667,0,,16.089867,7.474226,23.201535,1.137893,23.930173
105,3.500000,0,,16.369549,7.613986,23.582789,1.177789,24.348070
106,3.533333,0,,16.300770,7.583848,23.482346,1.176018,24.243945
107,3.566667,0,,16.413142,7.653807,23.630265,1.214668,24.394493
108,3.600000,0,,16.162824,7.547389,23.276918,1.210641,24.000911
109,3.633333,0,,16.658152,7.762319,23.967882,1.227173,24.779400
110,3.666667,0,,16.518387,7.701789,23.776629,1.221878,24.556653
111,3.700000,0,,16.689380,7.792143,24.003469,1.255266,24.809406
112,3.733333,0,,16.222543,7.611818,23.347017,1.275418,24.045195
113,3.766667,0,,16.443483,7.723579,23.642793,1.310221,24.377434
114,3.800000,0,,16.383215,7.693711,23.560234,1.302100,24.287312
115,3.833333,0,,16.466503,7.744694,23.668126,1.329774,24.401609
116,3.866667,0,,16.261445,7.652978,23.385465,1.317931,24.080938
117,3.900000,0,,16.437895,7.745466,23.624359,1.350167,24.339160
118,3.933333,0,,16.388661,7.721128,23.556405,1.343739,24.265839
119,3.966667,0,,16.456947,7.763059,23.644971,1.366610,24.359261
120,4.000000,0,,16.296104,7.688977,23.421859,1.354296,24.112156
121,4.033333,0,,16.296989,7.689269,23.423025,1.354197,24.113745
122,4.066667,0,,16.296804,7.689131,23.422766,1.354100,24.113545
123,4.100000,0,,15.551896,6.989098,22.734660,0.666581,23.254446
124,4.133333,0,,15.550811,6.988744,22.732326,0.666905,23.253201
125,4.166667,0,,16.072332,7.218837,23.454482,0.691386,24.071127
126,4.200000,0,,15.965444,7.182826,23.300374,0.705036,23.890922
127,4.233333,0,,16.159771,7.295743,23.553256,0.759967,24.166090
128,4.266667,0,,15.740103,7.146331,22.951788,0.800301,23.468219
129,4.300000,0,,16.176222,7.338438,23.554219,0.820615,24.153832
130,4.333333,0,,16.058579,7.295570,23.381018,0.831395,23.963322
131,4.366667,0,,16.217636,7.383694,23.593941,0.868375,24.190592
132,4.400000,0,,15.874255,7.257315,23.107767,0.893657,23.621342
133,4.433333,0,,16.333111,7.466359,23.747338,0.924543,24.327452
134,4.466667,0,,16.244328,7.437677,23.616249,0.938467,24.178269
135,4.500000,0,,16.433028,7.549276,23.867320,0.993639,24.438125
136,4.533333,0,,16.007755,7.393118,23.256567,1.027397,23.739300
137,4.566667,0,,16.369082,7.559869,23.750207,1.057227,24.299812
138,4.600000,0,,16.274402,7.521022,23.613013,1.058661,24.151533
139,4.633333,0,,16.407816,7.598877,23.790755,1.095991,24.336702
140,4.666667,0,,16.082189,7.472650,23.326137,1.110821,23.809609
141,4.700000,0,,16.427279,7.642900,23.805023,1.154784,24.322029
142,4.733333,0,,16.342421,7.607944,23.678467,1.156640,24.192157
143,4.766667,0,,16.482360,7.694545,23.863558,1.203767,24.379756
144,4.800000,0,,16.178572,7.569786,23.427866,1.207208,23.900641
145,4.833333,0,,16.476633,7.716462,23.836411,1.245710,24.347779
146,4.866667,0,,16.397554,7.682607,23.723351,1.244384,24.224926
147,4.900000,0,,16.518377,7.754377,23.883045,1.280431,24.391655
148,4.933333,0,,16.253531,7.641806,23.507732,1.276525,23.976337
149,4.966667,0,,16.722745,7.847456,24.154376,1.297100,24.716760
150,5.000000,0,,16.557393,7.771804,23.924986,1.285232,24.461961
151,5.033333,0,,16.739015,7.868812,24.165897,1.322317,24.728830
152,5.066667,0,,16.290117,7.685420,23.534597,1.326164,24.009589
153,5.100000,0,,16.526838,7.805458,23.855333,1.363073,24.362108
154,5.133333,0,,16.460356,7.773309,23.763636,1.355492,24.261941
155,5.166667,0,,16.552118,7.828664,23.882320,1.384756,24.389278
156,5.200000,0,,16.333266,7.730142,23.578963,1.371494,24.049340
157,5.233333,0,,16.333862,7.730334,23.579698,1.371431,24.050457
158,5.266667,0,,16.333345,7.730067,23.578861,1.371373,24.049803
159,5.300000,0,,16.333602,7.730097,23.578998,1.371302,24.050505
160,5.333333,0,,15.494910,6.936338,22.553467,0.643287,23.287976
161,5.366667,0,,15.749497,7.044781,22.892803,0.652084,23.703602
162,5.400000,0,,15.682099,7.016587,22.797999,0.651641,23.596658
163,5.433333,0,,15.760624,7.058232,22.900089,0.667664,23.714120
164,5.466667,0,,15.511968,6.961588,22.557308,0.675972,23.302624
165,5.500000,0,,16.100707,7.234387,23.370457,0.724358,24.207306
166,5.533333,0,,16.021925,7.215749,23.249604,0.748299,24.067873
167,5.566667,0,,16.272610,7.361013,23.583040,0.816962,24.417827
168,5.600000,0,,15.818791,7.207825,22.926670,0.874915,23.654787
169,5.633333,0,,16.228908,7.389301,23.497345,0.894389,24.294989
170,5.666667,0,,16.124306,7.348458,23.347383,0.898850,24.126686
171,5.700000,0,,16.274614,7.433235,23.550203,0.935777,24.337863
172,5.733333,0,,15.903370,7.294357,23.023142,0.959934,23.727035
173,5.766667,0,,16.308684,7.478507,23.583582,0.987420,24.355051
174,5.800000,0,,16.207339,7.438696,23.431937,0.992756,24.197323
175,5.833333,0,,16.363382,7.528791,23.639550,1.034976,24.415620
176,5.866667,0,,16.001520,7.390853,23.121863,1.055387,23.827309
177,5.900000,0,,16.282505,7.532783,23.496628,1.099637,24.251250
178,5.933333,0,,16.282505,7.532783,23.496628,1.099637,24.251250
179,5.966667,0,,16.432947,7.624149,23.692642,1.148251,24.457947
180,6.000000,0,,16.096255,7.491326,23.214890,1.159419,23.914454
181,6.033333,0,,16.457866,7.669254,23.707356,1.206791,24.459452
182,6.066667,0,,16.368285,7.632396,23.576392,1.208243,24.320219
183,6.100000,0,,16.516314,7.723514,23.768406,1.258159,24.522378
184,6.133333,0,,16.207490,7.597044,23.329439,1.261351,24.031680
185,6.166667,0,,16.677991,7.799389,23.976643,1.276229,24.781100
186,6.200000,0,,16.518929,7.724764,23.757472,1.261609,24.537705
187,6.233333,0,,16.701643,7.819261,24.000097,1.294046,24.810787
188,6.266667,0,,16.235782,7.628199,23.349592,1.295872,24.061880
189,6.300000,0,,16.434886,7.728738,23.620327,1.326046,24.358285
190,6.333333,0,,16.377311,7.699565,23.541255,1.317336,24.273341
191,6.366667,0,,16.454540,7.746051,23.642776,1.341449,24.379397
192,6.400000,0,,16.265054,7.659877,23.378063,1.329061,24.088036
193,6.433333,0,,16.427833,7.744295,23.595832,1.357964,24.329704
194,6.466667,0,,16.382287,7.721395,23.533251,1.351357,24.262254
195,6.500000,0,,16.444527,7.759584,23.613567,1.372247,24.347768
196,6.533333,0,,16.293970,7.690318,23.408012,1.360123,24.113774
197,6.566667,0,,16.295600,7.690862,23.410405,1.359898,24.116496
198,6.600000,0,,16.295273,7.690565,23.410067,1.359619,24.116133
199,6.633333,0,,16.295273,7.690565,23.410067,1.359619,24.116133
200,6.666667,0,,15.507372,6.940970,22.564807,0.643817,23.313493
201,6.700000,0,,16.075458,7.193604,23.370391,0.669451,24.186533
202,6.733333,0,,15.963184,7.159006,23.210948,0.688278,23.990326
203,6.766667,0,,16.186431,7.288002,23.511525,0.748061,24.299708
204,6.800000,0,,15.735577,7.132186,22.867567,0.798217,23.540945
205,6.833333,0,,16.176682,7.326008,23.476967,0.817998,24.235080
206,6.866667,0,,16.076385,7.288503,23.329373,0.825683,24.074100
207,6.900000,0,,16.236953,7.378734,23.544129,0.865029,24.301702
208,6.933333,0,,15.864931,7.240480,23.007089,0.892598,23.695105
209,6.966667,0,,16.254393,7.413189,23.549861,0.911488,24.301829
210,7.000000,0,,16.144913,7.370635,23.390081,0.917075,24.127582
211,7.033333,0,,16.288980,7.451908,23.584986,0.952384,24.329569
212,7.066667,0,,15.949026,7.324332,23.101732,0.974012,23.771336
213,7.100000,0,,16.411667,7.537256,23.742828,1.009325,24.482849
214,7.133333,0,,16.300562,7.497037,23.577003,1.020411,24.304271
215,7.166667,0,,16.482386,7.606159,23.817756,1.076300,24.553102
216,7.200000,0,,16.073862,7.453110,23.228506,1.104555,23.888526
217,7.233333,0,,16.383578,7.601453,23.659035,1.136923,24.354776
218,7.266667,0,,16.298442,7.564211,23.535802,1.134591,24.224933
219,7.300000,0,,16.418962,7.635382,23.697067,1.169466,24.390352
220,7.333333,0,,16.139988,7.520710,23.297691,1.172306,23.949969
221,7.366667,0,,16.488144,7.693969,23.775951,1.220052,24.468430
222,7.400000,0,,16.396147,7.655464,23.641783,1.220455,24.326202
223,7.433333,0,,16.536619,7.742124,23.828176,1.267210,24.514470
224,7.466667,0,,16.239086,7.618504,23.405371,1.267502,24.044384
225,7.500000,0,,16.694927,7.814256,24.035505,1.280793,24.768482
226,7.533333,0,,16.517784,7.734349,23.789012,1.270015,24.494325
227,7.566667,0,,16.684341,7.820556,24.009767,1.299776,24.743479
228,7.600000,0,,16.265200,7.649798,23.424772,1.303138,24.067690
229,7.633333,0,,16.463454,7.749590,23.688898,1.333880,24.367584
230,7.666667,0,,16.405034,7.720335,23.611394,1.324984,24.278725
231,7.700000,0,,16.480685,7.765609,23.707592,1.348906,24.385556
232,7.733333,0,,16.291384,7.680556,23.454202,1.335726,24.084224
233,7.766667,0,,16.525919,7.801345,23.775037,1.374519,24.428202
234,7.800000,0,,16.461178,7.770950,23.684418,1.368843,24.330273
235,7.833333,0,,16.554908,7.828399,23.806272,1.400009,24.458445
236,7.866667,0,,16.340715,7.732409,23.506710,1.388286,24.127151
237,7.900000,0,,16.340775,7.732419,23.506893,1.388242,24.127190
238,7.933333,0,,15.544544,6.960080,22.527706,0.669116,23.436810
239,7.966667,0,,15.544976,6.960667,22.529022,0.669596,23.436309
240,8.000000,0,,15.568166,6.992031,22.540770,0.707997,23.455730
241,8.033333,0,,16.062582,7.213062,23.221471,0.736566,24.229710
242,8.066667,0,,15.967498,7.189363,23.080250,0.762575,24.059669
243,8.100000,0,,16.159210,7.300070,23.329809,0.815677,24.332144
244,8.133333,0,,15.794052,7.176350,22.815738,0.858520,23.707899
245,8.166667,0,,16.237186,7.373868,23.420358,0.884409,24.406793
246,8.200000,0,,16.133688,7.337793,23.268838,0.896254,24.235971
247,8.233333,0,,16.300811,7.435229,23.485831,0.944110,24.472491
248,8.266667,0,,15.923715,7.298550,22.954809,0.974523,23.841813
249,8.300000,0,,16.237291,7.442461,23.386153,0.998520,24.327199
250,8.333333,0,,16.157189,7.409164,23.273235,0.998375,24.199957
251,8.366667,0,,16.272922,7.476740,23.423789,1.031609,24.363367
252,8.400000,0,,15.990493,7.366719,23.021618,1.043457,23.906405
253,8.433333,0,,16.412751,7.566666,23.598286,1.086259,24.553710
254,8.466667,0,,16.312358,7.529184,23.448046,1.094590,24.394439
255,8.500000,0,,16.482807,7.633641,23.668847,1.151414,24.628162
256,8.533333,0,,16.115694,7.493723,23.148237,1.171152,24.027692
257,8.566667,0,,16.410152,7.640519,23.549820,1.212575,24.468060
258,8.600000,0,,16.336093,7.607627,23.442652,1.209768,24.355860
259,8.633333,0,,16.450240,7.678070,23.591671,1.248332,24.510716
260,8.666667,0,,16.193291,7.569827,23.230458,1.245418,24.103998
261,8.700000,0,,16.687156,7.784116,23.915646,1.262708,24.883115
262,8.733333,0,,16.527455,7.710894,23.695843,1.250623,24.635898
263,8.766667,0,,16.720757,7.814348,23.953851,1.290064,24.918355
264,8.800000,0,,16.234314,7.617897,23.273857,1.296882,24.132203
265,8.833333,0,,16.439463,7.720791,23.549782,1.327549,24.441058
266,8.866667,0,,16.380860,7.691201,23.469247,1.318856,24.354478
267,8.900000,0,,16.459613,7.739015,23.570543,1.344570,24.463726
268,8.933333,0,,16.266181,7.651650,23.303868,1.332087,24.162588
269,8.966667,0,,16.476731,7.760050,23.587822,1.367744,24.474628
270,9.000000,0,,16.415988,7.731152,23.504424,1.361475,24.382065
271,9.033333,0,,16.498791,7.781763,23.610505,1.389129,24.496739
272,9.066667,0,,16.309234,7.696446,23.344673,1.378342,24.204685
273,9.100000,0,,16.309535,7.696593,23.345330,1.378326,24.204948
274,9.133333,0,,16.309225,7.696450,23.345146,1.378248,24.204281
275,9.166667,0,,16.309225,7.696450,23.345146,1.378248,24.204281
276,9.200000,0,,38.204417,47.943842,22.830889,56.708100,35.074263
277,9.233333,0,,38.430866,48.122824,23.085706,56.854533,35.352357
278,9.266667,0,,38.412813,48.128864,23.054258,56.876876,35.307304
279,9.300000,0,,39.166947,48.845127,23.832061,57.566944,36.101837
280,9.333333,0,,39.202224,49.004144,23.775862,57.814637,36.016173
281,9.366667,0,,39.848984,49.535899,24.510492,58.263354,36.773105
282,9.400000,0,,39.813709,49.533116,24.452079,58.283662,36.705385
283,9.433333,0,,39.841215,49.555736,24.483293,58.302759,36.737593
284,9.466667,0,,39.702465,49.597426,24.239334,58.467604,36.400456
285,9.500000,0,,40.236332,50.022089,24.857626,58.813202,37.038169
286,9.533333,0,,40.125596,49.950222,24.717993,58.769225,36.889570
287,9.566667,0,,39.965177,49.880755,24.509366,58.760781,36.625382
288,9.600000,0,,39.906701,49.838540,24.441440,58.729659,36.549003
289,9.633333,0,,40.277568,50.150037,24.871942,58.995171,36.965590
290,9.666667,0,,40.031930,50.001534,24.583818,58.909875,36.602097
291,9.700000,0,,40.037133,50.005006,24.589912,58.912192,36.609295
292,9.733333,0,,40.026566,49.999639,24.576416,58.910352,36.592930
293,9.766667,0,,40.358570,50.281570,24.965750,59.151963,36.957996
294,9.800000,0,,40.354754,50.278828,24.961299,59.149956,36.953009
295,9.833333,0,,40.508392,50.401549,25.146024,59.248724,37.130426
296,9.866667,0,,40.160490,50.151453,24.739715,59.065684,36.676073
297,9.900000,0,,40.691061,50.529294,25.405613,59.329179,37.338391
298,9.933333,0,,40.340735,50.426101,24.950646,59.386046,36.685513
299,9.966667,0,,40.410689,50.489580,25.019160,59.446243,36.766664
300,10.000000,0,,40.337175,50.423190,24.946028,59.383726,36.681771
301,10.033333,0,,40.770582,50.765000,25.457013,59.657741,37.196992
302,10.066667,0,,40.717628,50.725043,25.393760,59.627248,37.131875
303,10.100000,0,,40.899085,50.875419,25.607105,59.753406,37.336743
304,10.133333,0,,40.420255,50.515227,25.059850,59.474023,36.726891
305,10.166667,0,,40.858009,50.873422,25.555417,59.775423,37.243186
306,10.200000,0,,40.744344,50.779942,25.427321,59.696300,37.109412
307,10.233333,0,,40.882941,50.897339,25.588760,59.796939,37.263125
308,10.266667,0,,40.460398,50.565273,25.122712,59.524606,36.733876
309,10.300000,0,,40.460665,50.565353,25.123148,59.524546,36.734301
310,10.333333,0,,40.460545,50.565281,25.123034,59.524500,36.734102
311,10.366667,0,,42.671390,54.677092,24.501094,65.310289,38.202788
312,10.400000,0,,42.671005,54.676949,24.500530,65.310319,38.202166
313,10.433333,0,,42.842364,54.794385,24.708665,65.389786,38.428639
314,10.466667,0,,43.822538,55.895389,25.614398,66.574130,39.279087
315,10.500000,0,,43.833417,55.903026,25.627730,66.579431,39.293089
316,10.533333,0,,43.798083,55.880147,25.587553,66.564526,39.242170
317,10.566667,0,,44.673155,56.616069,26.540641,67.206155,40.272668
318,10.600000,0,,44.670295,56.614727,26.536233,67.205994,40.268658
319,10.633333,0,,44.990405,56.875257,26.901166,67.423658,40.646391
320,10.666667,0,,44.639693,56.742810,26.403267,67.444531,40.071279
321,10.700000,0,,45.267352,57.196920,27.157935,67.774553,40.869569
322,10.733333,0,,45.152522,57.131717,27.000362,67.746236,40.710969
323,10.766667,0,,45.395630,57.327254,27.285789,67.906121,40.994980
324,10.800000,0,,44.888264,57.003596,26.646679,67.713226,40.304888
325,10.833333,0,,45.445263,57.440498,27.290022,68.064595,40.981173
326,10.866667,0,,45.316683,57.347362,27.132370,67.997486,40.820194
327,10.900000,0,,45.474144,57.482348,27.310341,68.115516,40.996573
328,10.933333,0,,45.056879,57.173835,26.821454,67.883021,40.466163
329,10.966667,0,,45.477336,57.499552,27.311547,68.140932,40.979529
330,11.000000,0,,45.223950,57.327446,27.008726,68.024748,40.638375
331,11.033333,0,,45.226063,57.328937,27.011073,68.025843,40.641273
332,11.066667,0,,45.220242,57.325492,27.003932,68.024005,40.632788
333,11.100000,0,,45.753206,57.742494,27.627610,68.356817,41.275191
334,11.133333,0,,45.629261,57.654972,27.473686,68.296063,41.118035
335,11.166667,0,,45.805034,57.797172,27.682879,68.412326,41.319898
336,11.200000,0,,45.375893,57.480395,27.171684,68.175851,40.780144
337,11.233333,0,,45.619520,57.625069,27.476922,68.252133,41.129504
338,11.266667,0,,45.563647,57.624806,27.357476,68.296625,41.036838
339,11.300000,0,,45.564405,57.625338,27.358405,68.296995,41.037816
340,11.333333,0,,45.562024,57.624213,27.355028,68.296785,41.034258
341,11.366667,0,,45.979789,57.954634,27.845559,68.562822,41.530987
342,11.400000,0,,45.935986,57.919826,27.794187,68.534663,41.479108
343,11.433333,0,,46.106990,58.060768,27.997979,68.651753,41.671239
344,11.466667,0,,45.640713,57.702034,27.452576,68.370007,41.099555
345,11.500000,0,,45.641113,57.702144,27.452960,68.369959,41.100421
346,11.533333,0,,45.640803,57.701953,27.452422,68.369884,41.100104
347,11.566667,0,,45.640841,57.702029,27.452597,68.369951,41.099974
348,11.600000,0,,53.226311,68.224210,30.255060,81.567000,47.856873
349,11.633333,0,,53.770295,68.659092,30.873341,81.925085,48.512459
350,11.666667,0,,53.758120,68.698239,30.818708,82.001997,48.453655
351,11.700000,0,,53.750246,68.689968,30.809606,81.993773,48.447360
352,11.733333,0,,55.907121,71.047323,32.730710,84.513917,50.476736
353,11.766667,0,,56.179999,71.232435,33.068234,84.636186,50.835576
354,11.800000,0,,56.160084,71.245665,33.018977,84.674224,50.787050
355,11.833333,0,,57.012290,72.237218,33.745928,85.770495,51.520448
356,11.866667,0,,57.005359,72.233733,33.736238,85.769525,51.510314
357,11.900000,0,,57.727593,72.794936,34.574226,86.216046,52.392505
358,11.933333,0,,57.759973,72.900651,34.532827,86.378588,52.368503
359,11.966667,0,,57.762351,72.996431,34.453677,86.544028,52.289348
360,12.000000,0,,57.705088,72.967602,34.378798,86.534832,52.201633
361,12.033333,0,,58.437108,73.592579,35.169207,87.087628,53.054490
362,12.066667,0,,58.436929,73.592727,35.168821,87.088003,53.053963
363,12.100000,0,,58.731173,73.831211,35.510914,87.285080,53.397525
364,12.133333,0,,58.325404,73.643647,34.935567,87.255693,52.784950
365,12.166667,0,,58.911922,74.103113,35.625122,87.622120,53.488523
366,12.200000,0,,58.811967,74.038470,35.492406,87.584236,53.359260
367,12.233333,0,,59.040915,74.231648,35.753038,87.750636,53.619070
368,12.266667,0,,58.557848,73.890254,35.154753,87.513059,53.005731
369,12.300000,0,,59.173650,74.360659,35.895280,87.875505,53.750165
370,12.333333,0,,59.060779,74.290178,35.737223,87.838424,53.606691
371,12.366667,0,,59.302014,74.491971,36.018429,88.009592,53.878022
372,12.400000,0,,58.800706,74.150054,35.382351,87.785598,53.234169
373,12.433333,0,,59.132263,74.346130,35.805243,87.886510,53.705035
374,12.466667,0,,59.047054,74.308622,35.677322,87.884811,53.579029
375,12.500000,0,,59.026355,74.422671,35.481536,88.111905,53.485624
376,12.533333,0,,59.020500,74.419992,35.473928,88.111372,53.476200
377,12.566667,0,,59.479041,74.774015,36.011024,88.390213,54.035885
378,12.600000,0,,59.265691,74.623879,35.746339,88.286382,53.764352
379,12.633333,0,,59.369021,74.701790,35.871908,88.345326,53.889830
380,12.666667,0,,59.082593,74.493487,35.523774,88.193873,53.530131
381,12.700000,0,,59.513003,74.839283,36.018947,88.478548,54.041514
382,12.733333,0,,59.462799,74.800908,35.959060,88.448854,53.980482
383,12.766667,0,,59.632043,74.942674,36.154049,88.569743,54.172337
384,12.800000,0,,59.157092,74.580472,35.586428,88.290375,53.594472
385,12.833333,0,,59.157092,74.580472,35.586428,88.290375,53.594472
386,12.866667,0,,59.157092,74.580472,35.586428,88.290375,53.594472
387,12.900000,0,,44.520625,55.953114,27.467012,66.024227,40.070636
388,12.933333,0,,43.950067,55.380931,26.902249,65.449876,39.498076
389,12.966667,0,,43.462962,54.728789,26.574087,64.671399,39.143401
390,13.000000,0,,43.457289,54.723930,26.568368,64.667002,39.136498
391,13.033333,0,,43.474671,54.680485,26.642987,64.577287,39.203739
392,13.066667,0,,42.700881,54.100871,25.768382,64.127495,38.206768
393,13.100000,0,,42.880251,54.059836,26.134527,63.923307,38.582918
394,13.133333,0,,42.701461,53.907988,25.938768,63.790123,38.375493
395,13.166667,0,,42.682217,53.818824,25.998958,63.644794,38.402899
396,13.200000,0,,41.927561,53.264505,25.129072,63.226863,37.426749
397,13.233333,0,,42.452996,53.572820,25.831643,63.375954,38.151391
398,13.266667,0,,42.175372,53.337334,25.526930,63.169779,37.829406
399,13.300000,0,,42.281562,53.380368,25.703997,63.162271,37.978418
400,13.333333,0,,41.626355,52.895076,24.953876,62.792043,37.133146
401,13.366667,0,,42.158991,53.244429,25.644109,63.005224,37.827639
402,13.400000,0,,41.936345,53.056611,25.398545,62.841746,37.568745
403,13.433333,0,,42.074394,53.142755,25.590513,62.887299,37.745370
404,13.466667,0,,41.477277,52.688842,24.910669,62.530957,36.990204
405,13.500000,0,,41.988190,53.050606,25.550795,62.781699,37.632075
406,13.533333,0,,41.811526,52.898657,25.354951,62.647661,37.431965
407,13.566667,0,,41.954517,53.002900,25.540206,62.721161,37.602184
408,13.600000,0,,41.425225,52.582421,24.946989,62.375055,36.953630
409,13.633333,0,,42.049949,52.855443,25.828881,62.396655,37.924310
410,13.666667,0,,41.785228,52.627737,25.551650,62.192231,37.611803
411,13.700000,0,,41.262337,52.159684,25.064341,61.746857,36.975813
412,13.733333,0,,41.237953,52.146847,25.033803,61.741774,36.938281
413,13.766667,0,,41.720523,52.510077,25.605851,62.019208,37.536512
414,13.800000,0,,41.571630,52.386162,25.437527,61.913403,37.363962
415,13.833333,0,,41.713522,52.498131,25.611055,62.001850,37.527663
416,13.866667,0,,41.228337,52.118184,25.060685,61.694566,36.929761
417,13.900000,0,,41.654269,52.471503,25.537751,61.996405,37.428650
418,13.933333,0,,41.526692,52.358989,25.399608,61.894561,37.285907
419,13.966667,0,,41.654967,52.469472,25.545003,61.991427,37.428472
420,14.000000,0,,41.236139,52.113955,25.091518,61.678628,36.938269
421,14.033333,0,,41.245228,52.120449,25.101650,61.683454,36.950579
422,14.066667,0,,41.236193,52.113981,25.091632,61.678625,36.938322
423,14.100000,0,,41.236193,52.113981,25.091632,61.678625,36.938322
424,14.133333,0,,16.443398,7.766992,23.568644,1.393957,24.367594
425,14.166667,0,,16.378104,7.490151,23.662305,0.964956,24.507052
426,14.200000,0,,16.307190,7.456634,23.562117,0.958594,24.400860
427,14.233333,0,,16.384472,7.476936,23.683167,0.937703,24.532544
428,14.266667,0,,15.747274,7.089578,22.864132,0.728762,23.648929
429,14.300000,0,,16.276140,7.335385,23.619131,0.768036,24.441253
430,14.333333,0,,16.183314,7.300901,23.476262,0.776871,24.296810
431,14.366667,0,,16.375819,7.415026,23.737933,0.832376,24.557147
432,14.400000,0,,15.930486,7.257070,23.059576,0.884856,23.847027
433,14.433333,0,,16.364652,7.458334,23.669843,0.918358,24.505754
434,14.466667,0,,16.256948,7.415556,23.508394,0.923364,24.339086
435,14.500000,0,,16.419782,7.510315,23.731416,0.967184,24.560747
436,14.533333,0,,16.036637,7.361743,23.179924,0.985608,23.944380
437,14.566667,0,,16.508632,7.583441,23.833573,1.028675,24.663647
438,14.600000,0,,16.379832,7.536720,23.642943,1.041025,24.455527
439,14.633333,0,,16.563747,7.644403,23.887771,1.093083,24.710388
440,14.666667,0,,16.157894,7.489309,23.302614,1.116364,24.054704
441,14.700000,0,,16.612722,7.703464,23.923873,1.160554,24.753739
442,14.733333,0,,16.503051,7.663699,23.760512,1.171325,24.577317
443,14.766667,0,,16.688406,7.772293,24.005288,1.224326,24.835603
444,14.800000,0,,16.273992,7.614510,23.413844,1.247682,24.160450
445,14.833333,0,,16.700782,7.824201,23.996790,1.302741,24.802815
446,14.866667,0,,16.592495,7.782574,23.841213,1.308449,24.627823
447,14.900000,0,,16.767552,7.886970,24.067337,1.362463,24.872856
448,14.933333,0,,16.404110,7.740775,23.553939,1.369629,24.288762
449,14.966667,0,,16.820924,7.917559,24.118430,1.380901,24.963441
450,15.000000,0,,16.674510,7.845742,23.922556,1.361300,24.739673
451,15.033333,0,,16.824733,7.919278,24.124250,1.381020,24.968929
452,15.066667,0,,16.401780,7.740374,23.542862,1.372209,24.290268
453,15.100000,0,,16.614853,7.847256,23.826207,1.404789,24.613563
454,15.133333,0,,16.554128,7.817139,23.743765,1.396407,24.522212
455,15.166667,0,,16.631840,7.862470,23.845016,1.418621,24.631882
456,15.200000,0,,16.432670,7.772509,23.576816,1.404366,24.316828
457,15.233333,0,,16.737722,7.926576,23.979072,1.453380,24.780713
458,15.266667,0,,16.660659,7.894339,23.870493,1.452913,24.658572
459,15.300000,0,,16.780195,7.965949,24.025363,1.490199,24.825022
460,15.333333,0,,16.504654,7.847467,23.650988,1.480498,24.382476
461,15.366667,0,,16.505109,7.847595,23.651436,1.480446,24.383445
462,15.400000,0,,50.758247,64.751741,29.332008,77.199518,45.743215
463,15.433333,0,,51.305624,65.310108,29.846851,77.771092,46.298929
464,15.466667,0,,51.278704,65.292408,29.817214,77.759105,46.259794
465,15.500000,0,,51.606473,65.548427,30.200262,77.963217,46.655940
466,15.533333,0,,51.770126,65.761577,30.330144,78.211222,46.769013
467,15.566667,0,,51.941387,65.902233,30.518358,78.331184,46.974620
468,15.600000,0,,51.705346,65.769870,30.221492,78.269666,46.624880
469,15.633333,0,,52.206687,66.169879,30.807974,78.594822,47.217266
470,15.666667,0,,52.158426,66.136539,30.748577,78.572198,47.154503
471,15.700000,0,,52.372319,66.317835,30.997751,78.727692,47.391515
472,15.733333,0,,51.943051,66.050487,30.454725,78.575084,46.799345
473,15.766667,0,,52.282421,66.325380,30.851889,78.801559,47.193814
474,15.800000,0,,52.049973,66.178575,30.565705,78.714036,46.870178
475,15.833333,0,,52.050679,66.179117,30.566470,78.714475,46.871092
476,15.866667,0,,52.049993,66.178602,30.565717,78.714069,46.870192
477,15.900000,0,,52.129790,66.274145,30.652682,78.816790,46.919898
478,15.933333,0,,52.128349,66.273439,30.651126,78.816517,46.917405
479,15.966667,0,,52.126353,66.272730,30.647581,78.816861,46.914616
480,16.000000,0,,52.270212,66.403929,30.884758,78.920654,47.005222
481,16.033333,0,,52.749737,66.792733,31.405253,79.250144,47.593814
482,16.066667,0,,52.607116,66.684421,31.246745,79.164350,47.410254
483,16.100000,0,,52.766951,66.811626,31.426143,79.269166,47.605546
484,16.133333,0,,52.314263,66.455168,30.938882,78.973685,47.030222
485,16.166667,0,,52.619309,66.664108,31.310259,79.114783,47.432885
486,16.200000,0,,52.405620,66.565279,31.031809,79.093865,47.091187
487,16.233333,0,,52.419345,66.575009,31.046668,79.101130,47.110237
488,16.266667,0,,52.402512,66.563983,31.027509,79.093837,47.086190
489,16.300000,0,,52.864723,66.940930,31.549911,79.410301,47.633956
490,16.333333,0,,52.750671,66.846703,31.422881,79.329915,47.499218
491,16.366667,0,,52.910256,66.982342,31.602968,79.447782,47.680018
492,16.400000,0,,52.449155,66.616732,31.088226,79.146902,47.112337
493,16.433333,0,,52.578842,66.731318,31.222285,79.252148,47.262093
494,16.466667,0,,52.463677,66.629245,31.104505,79.157917,47.128608
495,16.500000,0,,52.469517,66.635141,31.111520,79.163586,47.133445
496,16.533333,0,,34.822131,42.007627,22.956477,48.587969,32.921949
497,16.566667,0,,34.458205,41.606256,22.646976,48.153924,32.573716
498,16.600000,0,,34.446998,41.602423,22.630475,48.155342,32.555177
499,16.633333,0,,34.470039,41.616246,22.658991,48.162850,32.588275
500,16.666667,0,,34.434536,41.602762,22.609392,48.164670,32.529546
501,16.700000,0,,34.164020,41.157640,22.495741,47.588354,32.407965
502,16.733333,0,,34.142443,41.142462,22.472837,47.577018,32.377473
503,16.766667,0,,34.208793,41.187270,22.554811,47.606454,32.465113
504,16.800000,0,,33.760586,40.854505,22.077900,47.344052,31.859807
505,16.833333,0,,34.144905,41.122163,22.542898,47.529321,32.362496
506,16.866667,0,,33.969016,40.976916,22.350771,47.404632,32.151645
507,16.900000,0,,33.738848,40.776963,22.135020,47.218307,31.863216
508,16.933333,0,,33.646034,40.713632,22.026338,47.174811,31.736952
509,16.966667,0,,34.051678,40.976827,22.545446,47.334142,32.275447
510,17.000000,0,,33.770773,40.748304,22.254419,47.136912,31.920988
511,17.033333,0,,33.946903,40.874277,22.465129,47.227487,32.148094
512,17.066667,0,,33.576618,40.604621,22.043835,47.024838,31.661182
513,17.100000,0,,33.999118,40.883825,22.604803,47.194249,32.198302
514,17.133333,0,,33.869539,40.779768,22.463108,47.107007,32.038502
515,17.166667,0,,34.034607,40.889399,22.678376,47.174898,32.250547
516,17.200000,0,,33.572315,40.545624,22.151121,46.911109,31.654716
517,17.233333,0,,34.065593,40.911919,22.765356,47.180490,32.250932
518,17.266667,0,,33.897494,40.771452,22.579614,47.059218,32.053651
519,17.300000,0,,34.033649,40.871199,22.757001,47.129748,32.214198
520,17.333333,0,,33.597171,40.532223,22.267071,46.856578,31.667862
521,17.366667,0,,34.022796,40.782376,22.821235,46.981239,32.265913
522,17.400000,0,,33.880838,40.682184,22.658860,46.908695,32.074961
523,17.433333,0,,33.690565,40.466643,22.527721,46.666212,31.877763
524,17.466667,0,,33.623580,40.425962,22.446650,46.643211,31.780879
525,17.500000,0,,34.034859,40.742468,22.935562,46.890146,32.278869
526,17.533333,0,,33.894883,40.631600,22.781785,46.798454,32.104410
527,17.566667,0,,34.056879,40.755582,22.973254,46.894895,32.302488
528,17.600000,0,,33.653020,40.436138,22.520001,46.633103,31.805957
529,17.633333,0,,34.082653,40.780206,23.018993,46.914520,32.314444
530,17.666667,0,,33.951271,40.669844,22.876106,46.818342,32.159365
531,17.700000,0,,34.112134,40.797382,23.066925,46.920837,32.348639
532,17.733333,0,,33.701688,40.465776,22.615634,46.641922,31.847509
533,17.766667,0,,33.701688,40.465776,22.615634,46.641922,31.847509
534,17.800000,0,,28.700192,31.972443,21.732692,35.310594,29.057291
535,17.833333,0,,28.835878,32.045758,21.906141,35.341034,29.260458
536,17.866667,0,,28.589087,31.860890,21.641087,35.194533,28.931642
537,17.900000,0,,29.045638,32.094361,22.268886,35.266756,29.601272
538,17.933333,0,,28.962898,32.043672,22.161661,35.239208,29.487826
539,17.966667,0,,29.126996,32.150583,22.393832,35.299505,29.687650
540,18.000000,0,,28.561806,31.833409,21.671416,35.154363,28.859638
541,18.033333,0,,29.038393,32.132548,22.282410,35.325633,29.507137
542,18.066667,0,,28.869854,32.013712,22.073674,35.243169,29.292718
543,18.100000,0,,28.875502,32.024265,22.103571,35.251151,29.271783
544,18.133333,0,,28.558498,31.827760,21.714002,35.137393,28.824100
545,18.166667,0,,29.117708,32.183759,22.427878,35.346795,29.578452
546,18.200000,0,,28.933919,32.050930,22.206106,35.250553,29.345098
547,18.233333,0,,29.121209,32.180112,22.450414,35.335023,29.578191
548,18.266667,0,,28.591857,31.842212,21.808133,35.128078,28.839361
549,18.300000,0,,29.059902,32.149048,22.397388,35.318943,29.463373
550,18.333333,0,,28.954962,32.071895,22.271465,35.261799,29.331623
551,18.366667,0,,29.128978,32.198040,22.492852,35.351022,29.543061
552,18.400000,0,,28.646345,31.872839,21.909679,35.135181,28.894176
553,18.433333,0,,29.115199,32.201818,22.477775,35.364831,29.502992
554,18.466667,0,,28.969215,32.088980,22.306570,35.275903,29.325173
555,18.500000,0,,29.067442,32.162448,22.426762,35.330829,29.444736
556,18.533333,0,,28.688802,31.898923,21.989989,35.143911,28.932505
557,18.566667,0,,29.305899,32.228109,22.807104,35.269571,29.841021
558,18.600000,0,,29.103840,32.100239,22.553150,35.194222,29.564147
559,18.633333,0,,28.951802,31.998725,22.402919,35.120366,29.332122
560,18.666667,0,,28.727558,31.872137,22.118277,35.061185,29.003212
561,18.700000,0,,29.136140,32.178033,22.598035,35.294527,29.515859
562,18.733333,0,,29.006563,32.074882,22.447018,35.210729,29.361940
563,18.766667,0,,29.151460,32.188372,22.620896,35.300454,29.533031
564,18.800000,0,,28.746633,31.888454,22.155310,35.072049,29.012540
565,18.833333,0,,29.155543,32.208443,22.631569,35.327962,29.507097
566,18.866667,0,,29.029382,32.107534,22.486083,35.245293,29.356771
567,18.900000,0,,29.174772,32.223132,22.659391,35.338254,29.526670
568,18.933333,0,,28.798248,31.932428,22.228137,35.107150,29.059459
569,18.966667,0,,28.802269,31.935050,22.232656,35.108886,29.065266
570,19.000000,0,,28.798184,31.932354,22.228100,35.107064,29.059388
571,19.033333,0,,28.312094,31.667045,21.198626,35.082983,28.654672
572,19.066667,0,,28.320860,31.675692,21.207594,35.091520,28.663467
573,19.100000,0,,28.809275,31.955551,21.844555,35.223151,29.360118
574,19.133333,0,,28.866356,32.093902,21.860455,35.415616,29.322996
575,19.166667,0,,28.754394,32.115150,21.672565,35.527403,29.063213
576,19.200000,0,,28.709882,32.097820,21.610305,35.529040,28.990303
577,19.233333,0,,29.293638,32.463100,22.344523,35.740167,29.796224
578,19.266667,0,,29.057060,32.358919,22.026463,35.727285,29.417432
579,19.300000,0,,29.207603,32.459304,22.216321,35.791237,29.615251
580,19.333333,0,,28.920975,32.310375,21.839942,35.738357,29.184625
581,19.366667,0,,29.320705,32.563320,22.352735,35.885119,29.724260
582,19.400000,0,,29.294844,32.548313,22.319482,35.877752,29.687297
583,19.433333,0,,29.477300,32.676268,22.549300,35.965105,29.917493
584,19.466667,0,,29.020175,32.406740,21.971647,35.826050,29.262828
585,19.500000,0,,29.549020,32.747518,22.639375,36.032088,29.975598
586,19.533333,0,,29.446914,32.677078,22.510622,35.985047,29.845073
587,19.566667,0,,29.644077,32.820753,22.763690,36.086819,30.081721
588,19.600000,0,,29.142000,32.503715,22.138783,35.899335,29.387882
589,19.633333,0,,29.611832,32.839721,22.704864,36.140024,29.990607
590,19.666667,0,,29.461970,32.729146,22.524742,36.057869,29.803301
591,19.700000,0,,29.627631,32.856596,22.723646,36.156845,30.002401
592,19.733333,0,,29.203710,32.566477,22.208770,35.960873,29.441488
593,19.766667,0,,29.739916,32.938429,22.880852,36.211962,30.126936
594,19.800000,0,,29.589228,32.831514,22.692028,36.137678,29.937977
595,19.833333,0,,29.751626,32.957027,22.895097,36.233831,30.125951
596,19.866667,0,,29.299241,32.654802,22.343860,36.036560,29.517304
597,19.900000,0,,29.565741,32.793564,22.689495,36.087121,29.920608
598,19.933333,0,,29.320514,32.660728,22.376092,36.031572,29.553879
599,19.966667,0,,29.330455,32.667107,22.388019,36.035540,29.567807
600,20.000000,0,,29.315316,32.659114,22.368722,36.032423,29.544804
601,20.033333,0,,29.758564,32.988754,22.902157,36.279295,30.094242
602,20.066667,0,,29.627095,32.887203,22.746712,36.199589,29.934983
603,20.100000,0,,29.791206,33.014873,22.948322,36.298839,30.126456
604,20.133333,0,,29.346923,32.694304,22.421370,36.065008,29.554392
605,20.166667,0,,29.715432,32.993245,22.837521,36.314921,29.993855
606,20.200000,0,,29.606948,32.902534,22.714925,36.237159,29.868760
607,20.233333,0,,29.736903,33.010847,22.865410,36.328974,30.016325
608,20.266667,0,,29.378720,32.727617,22.464392,36.096712,29.575055
609,20.300000,0,,29.378720,32.727617,22.464392,36.096712,29.575055
610,20.333333,0,,28.924801,32.510106,21.384232,36.147197,29.242973
611,20.366667,0,,29.045582,32.614287,21.518611,36.239193,29.378941
612,20.400000,0,,29.019289,32.605854,21.486501,36.241946,29.329421
613,20.433333,0,,29.569732,33.147938,22.083190,36.769290,29.856717
614,20.466667,0,,29.567171,33.146965,22.079597,36.769425,29.852490
615,20.500000,0,,29.679974,33.220664,22.221600,36.815037,30.003283
616,20.533333,0,,29.507061,33.133767,21.999903,36.786549,29.734730
617,20.566667,0,,30.102123,33.506324,22.753699,37.000909,30.551762
618,20.600000,0,,29.866707,33.403697,22.439864,36.989131,30.171125
619,20.633333,0,,30.008593,33.497043,22.620965,37.046964,30.357852
620,20.666667,0,,29.709086,33.345400,22.223526,36.998800,29.904933
621,20.700000,0,,30.094889,33.599851,22.700170,37.160488,30.424009
622,20.733333,0,,29.825439,33.443923,22.364426,37.082065,30.029826
623,20.766667,0,,29.842112,33.455072,22.385465,37.089194,30.051676
624,20.800000,0,,29.804863,33.436982,22.336525,37.084294,29.993771
625,20.833333,0,,30.228810,33.719217,22.868333,37.264297,30.553801
626,20.866667,0,,30.228810,33.719217,22.868333,37.264297,30.553801
627,20.900000,0,,30.438200,33.869857,23.132719,37.370309,30.811572
628,20.933333,0,,29.947196,33.563440,22.520007,37.192952,30.128628
629,20.966667,0,,30.492949,33.940743,23.194976,37.448516,30.835355
630,21.000000,0,,30.341873,33.834022,23.004934,37.374929,30.645755
631,21.033333,0,,30.530634,33.975034,23.242707,37.478728,30.870465
632,21.066667,0,,30.043906,33.656132,22.641676,37.277963,30.212077
633,21.100000,0,,30.382868,33.835089,23.091868,37.343797,30.712939
634,21.133333,0,,30.258204,33.763093,22.922191,37.310872,30.541548
635,21.166667,0,,30.109450,33.672285,22.726383,37.262510,30.339456
636,21.200000,0,,30.026156,33.629770,22.611118,37.249617,30.217734
637,21.233333,0,,30.459633,33.952044,23.127041,37.492147,30.759711
638,21.266667,0,,30.316860,33.841268,22.958338,37.404799,30.587442
639,21.300000,0,,30.471863,33.961491,23.147501,37.498253,30.769834
640,21.333333,0,,30.057938,33.660301,22.659588,37.275809,30.238417
641,21.366667,0,,30.452901,33.977488,23.124653,37.534508,30.699541
642,21.400000,0,,30.343996,33.887565,22.999778,37.458611,30.573600
643,21.433333,0,,30.492782,34.010692,23.176564,37.561377,30.740406
644,21.466667,0,,30.104430,33.708272,22.727574,37.319908,30.265808
645,21.500000,0,,30.104430,33.708272,22.727574,37.319908,30.265808
646,21.533333,0,,32.514060,38.407970,21.876871,44.002974,31.662335
647,21.566667,0,,32.792424,38.678123,22.155167,44.268582,31.953522
648,21.600000,0,,32.785734,38.680639,22.142491,44.277517,31.937194
649,21.633333,0,,33.181439,38.937909,22.627770,44.438367,32.478180
650,21.666667,0,,33.978755,39.816086,23.337181,45.380634,33.218451
651,21.700000,0,,34.129820,40.088823,23.409660,45.738084,33.241717
652,21.733333,0,,34.037866,40.051951,23.282370,45.739510,33.091720
653,21.766667,0,,34.893486,40.730605,24.247258,46.296051,34.137150
654,21.800000,0,,34.870756,40.898796,24.083094,46.601125,33.928049
655,21.833333,0,,35.004200,40.992476,24.242489,46.667062,34.103049
656,21.866667,0,,34.842434,40.921254,24.022999,46.658714,33.845589
657,21.900000,0,,35.473663,41.388768,24.754859,47.013360,34.652770
658,21.933333,0,,35.437227,41.373613,24.700254,47.013988,34.597438
659,21.966667,0,,35.585396,41.489955,24.876008,47.106636,34.773544
660,22.000000,0,,35.229751,41.346875,24.376693,47.112944,34.199616
661,22.033333,0,,35.787423,41.743052,25.057228,47.392630,34.912410
662,22.066667,0,,35.655821,41.660213,24.886445,47.345421,34.735597
663,22.100000,0,,35.777000,41.768024,25.027916,47.441378,34.861707
664,22.133333,0,,35.425766,41.548982,24.585372,47.315668,34.376258
665,22.166667,0,,35.588947,41.703667,24.761115,47.462894,34.542831
666,22.200000,0,,35.585251,41.701815,24.755711,47.462438,34.537604
667,22.233333,0,,35.604320,41.714876,24.779772,47.471073,34.562116
668,22.266667,0,,35.566814,41.695834,24.732235,47.464474,34.503734
669,22.300000,0,,35.991117,42.011552,25.230913,47.703663,35.038776
670,22.333333,0,,35.722331,41.856397,24.899775,47.625213,34.642004
671,22.366667,0,,35.728064,41.860356,24.906732,47.627920,34.649540
672,22.400000,0,,35.716734,41.854849,24.891939,47.626401,34.631862
673,22.433333,0,,35.809209,41.997225,24.916360,47.811342,34.699926
674,22.466667,0,,35.807657,41.996533,24.913944,47.811316,34.697709
675,22.500000,0,,35.827112,42.009123,24.936081,47.819510,34.725745
676,22.533333,0,,35.803646,41.995267,24.908194,47.811955,34.690788
677,22.566667,0,,36.245092,42.329961,25.432548,48.069275,35.233453
678,22.600000,0,,36.121878,42.234812,25.283044,47.995449,35.087140
679,22.633333,0,,36.282490,42.361729,25.475884,48.096621,35.274963
680,22.666667,0,,35.843043,42.048264,24.939653,47.874236,34.715241
681,22.700000,0,,35.854871,42.055901,24.953027,47.879208,34.732376
682,22.733333,0,,35.843224,42.048352,24.940155,47.874202,34.715314
683,22.766667,0,,35.843224,42.048352,24.940155,47.874202,34.715314
684,22.800000,0,,35.390220,41.904356,24.028742,48.001865,34.140051
685,22.833333,0,,35.978040,42.291098,24.782138,48.240812,34.911172
686,22.866667,0,,35.888051,42.256835,24.650602,48.246561,34.766989
687,22.900000,0,,35.972969,42.314578,24.760726,48.283713,34.874467
688,22.933333,0,,35.725040,42.279699,24.386317,48.394737,34.394065
689,22.966667,0,,36.322699,42.671910,25.135535,48.639788,35.192772
690,23.000000,0,,36.264490,42.642499,25.053811,48.631502,35.108158
691,23.033333,0,,36.366603,42.714596,25.182640,48.681100,35.236068
692,23.066667,0,,35.996859,42.568175,24.672718,48.689278,34.628580
693,23.100000,0,,36.559669,42.936911,25.388988,48.916753,35.373265
694,23.133333,0,,36.387397,42.826705,25.168356,48.851568,35.142266
695,23.166667,0,,36.351037,42.823653,25.117977,48.870068,35.065065
696,23.200000,0,,36.103858,42.675779,24.803847,48.791950,34.715778
697,23.233333,0,,36.641855,43.029967,25.475347,49.014934,35.435285
698,23.266667,0,,36.447373,42.911475,25.230074,48.949722,35.162322
699,23.300000,0,,36.614259,43.025205,25.439067,49.024746,35.378963
700,23.333333,0,,36.234351,42.792646,24.961879,48.895238,34.845935
701,23.366667,0,,36.725453,43.136015,25.573225,49.130329,35.472805
702,23.400000,0,,36.632161,43.068652,25.457808,49.082192,35.356483
703,23.433333,0,,36.835986,43.224542,25.708873,49.201153,35.597933
704,23.466667,0,,36.334897,42.884426,25.097622,48.974465,34.932605
705,23.500000,0,,36.887983,43.274804,25.781815,49.245879,35.636255
706,23.533333,0,,36.733652,43.163068,25.589298,49.166131,35.445526
707,23.566667,0,,36.937368,43.318505,25.845779,49.283241,35.683084
708,23.600000,0,,36.428425,42.973436,25.229557,49.052581,35.003136
709,23.633333,0,,36.674069,43.102098,25.559801,49.097821,35.364584
710,23.666667,0,,36.586956,43.051475,25.442743,49.073995,35.244130
711,23.700000,0,,36.485003,42.975487,25.321650,49.016603,35.116756
712,23.733333,0,,36.440415,42.953408,25.261185,49.010487,35.049574
713,23.766667,0,,36.845905,43.254492,25.745640,49.236363,35.555711
714,23.800000,0,,36.677228,43.127558,25.545484,49.139478,35.346721
715,23.833333,0,,36.810041,43.226086,25.708224,49.212437,35.509462
716,23.866667,0,,36.454549,42.966972,25.283000,49.022058,35.058588
717,23.900000,0,,36.807810,43.250356,25.697853,49.253198,35.472380
718,23.933333,0,,36.718720,43.177330,25.595620,49.191960,35.368581
719,23.966667,0,,36.489795,43.004603,25.334103,49.057551,35.077731
720,24.000000,0,,36.557545,43.048006,25.415648,49.084425,35.172562
721,24.033333,0,,36.557545,43.048006,25.415648,49.084425,35.172562
722,24.066667,0,,31.548183,35.460059,23.670932,39.351980,31.621636
723,24.100000,0,,31.406532,35.308861,23.537794,39.193623,31.488178
724,24.133333,0,,31.368412,35.280524,23.493364,39.172095,31.439778
725,24.166667,0,,31.604569,35.397858,23.824641,39.202689,31.786377
726,24.200000,0,,30.766499,34.520586,23.073811,38.284603,30.941084
727,24.233333,0,,30.847103,34.546105,23.207721,38.267898,31.065690
728,24.266667,0,,30.427291,34.270413,22.702764,38.090815,30.488295
729,24.300000,0,,30.834269,34.468916,23.271110,38.138334,31.093363
730,24.333333,0,,30.734201,34.387148,23.155465,38.070129,30.977008
731,24.366667,0,,30.868637,34.456511,23.358253,38.088437,31.159221
732,24.400000,0,,30.202765,33.995205,22.561839,37.769213,30.277242
733,24.433333,0,,30.710100,34.355039,23.188904,38.021009,30.920387
734,24.466667,0,,30.532712,34.202320,22.990618,37.886551,30.720966
735,24.500000,0,,30.646697,34.283749,23.143176,37.941481,30.855435
736,24.533333,0,,30.126736,33.891965,22.536194,37.639864,30.204150
737,24.566667,0,,30.636008,34.245547,23.177256,37.878229,30.852540
738,24.600000,0,,30.435302,34.078330,22.952077,37.734949,30.618881
739,24.633333,0,,30.583572,34.183127,23.146986,37.805425,30.798306
740,24.666667,0,,30.086554,33.813189,22.567944,37.523954,30.167765
741,24.700000,0,,30.503190,34.131539,23.061190,37.771007,30.677372
742,24.733333,0,,30.409033,34.049178,22.957445,37.697287,30.572368
743,24.766667,0,,30.553096,34.165778,23.132235,37.791930,30.735123
744,24.800000,0,,30.079385,33.785815,22.598502,37.477123,30.162531
745,24.833333,0,,30.648849,34.099932,23.365566,37.606323,30.974657
746,24.866667,0,,30.444030,33.930015,23.134102,37.461602,30.736387
747,24.900000,0,,30.377050,33.854155,23.101279,37.373354,30.656518
748,24.933333,0,,29.955500,33.571152,22.590908,37.186667,30.088926
749,24.966667,0,,30.383599,33.920993,23.080317,37.479672,30.590808
750,25.000000,0,,30.255114,33.806556,22.939358,37.375758,30.450226
751,25.033333,0,,30.386396,33.917091,23.093831,37.469710,30.595647
752,25.066667,0,,29.955837,33.563740,22.609703,37.170922,30.086886
753,25.100000,0,,30.370728,33.912768,23.085551,37.470073,30.556560
754,25.133333,0,,30.248525,33.804043,22.954100,37.370851,30.420625
755,25.166667,0,,30.380580,33.917785,23.104834,37.470346,30.566559
756,25.200000,0,,29.975703,33.575941,22.659620,37.172307,30.095181
757,25.233333,0,,30.098223,33.680374,22.793928,37.264123,30.236618
758,25.266667,0,,29.986616,33.580047,22.678054,37.170991,30.110802
759,25.300000,0,,29.986639,33.579932,22.678193,37.170775,30.110948
760,25.333333,0,,35.847917,42.591605,23.911817,48.942032,34.689902
761,25.366667,0,,37.145505,43.724608,25.285828,49.966969,36.183716
762,25.400000,0,,37.598197,44.318059,25.631404,50.661960,36.501228
763,25.433333,0,,37.832189,44.507570,25.891676,50.821037,36.783852
764,25.466667,0,,37.703595,44.520547,25.671251,50.932667,36.506867
765,25.500000,0,,38.437694,45.129665,26.487483,51.454460,37.371138
766,25.533333,0,,38.422416,45.127017,26.461348,51.461196,37.344706
767,25.566667,0,,38.538264,45.227001,26.589355,51.549716,37.475720
768,25.600000,0,,38.343611,45.200960,26.265685,51.645461,37.119687
769,25.633333,0,,38.937509,45.661312,26.954540,52.010933,37.847053
770,25.666667,0,,38.841267,45.599401,26.827256,51.974862,37.721682
771,25.700000,0,,38.988113,45.746093,26.986046,52.118860,37.859433
772,25.733333,0,,38.592477,45.477514,26.498800,51.940827,37.337805
773,25.766667,0,,39.026774,45.837634,26.982815,52.248907,37.848600
774,25.800000,0,,38.779068,45.670010,26.682235,52.137292,37.517677
775,25.833333,0,,38.787103,45.675423,26.692033,52.140863,37.528411
776,25.866667,0,,38.767676,45.663628,26.669108,52.134069,37.499850
777,25.900000,0,,39.183101,46.007480,27.137844,52.426542,37.984919
778,25.933333,0,,39.158307,45.992372,27.104810,52.418612,37.951500
779,25.966667,0,,39.327705,46.131568,27.303167,52.534716,38.145232
780,26.000000,0,,38.952248,45.859213,26.852325,52.336064,37.668354
781,26.033333,0,,39.651993,46.311612,27.721969,52.614038,38.619971
782,26.066667,0,,39.483280,46.224399,27.471066,52.590021,38.388754
783,26.100000,0,,39.484984,46.225344,27.473191,52.590451,38.391311
784,26.133333,0,,39.102215,46.074171,26.917076,52.605713,37.783856
785,26.166667,0,,39.542816,46.430060,27.426755,52.899486,38.302208
786,26.200000,0,,39.461491,46.364768,27.329870,52.846494,38.208108
787,26.233333,0,,39.626961,46.501707,27.529127,52.960214,38.391543
788,26.266667,0,,39.169142,46.147237,26.986939,52.681547,37.838939
789,26.300000,0,,39.579239,46.498300,27.444020,52.989575,38.304123
790,26.333333,0,,39.475832,46.409708,27.326274,52.912339,38.188881
791,26.366667,0,,39.608999,46.524638,27.479502,53.012764,38.334731
792,26.400000,0,,39.215352,46.195893,27.035513,52.731045,37.879498
793,26.433333,0,,39.606955,46.537344,27.465893,53.036184,38.318787
794,26.466667,0,,39.505018,46.448730,27.352303,52.957511,38.205241
795,26.500000,0,,39.632499,46.560448,27.497372,53.056637,38.343488
796,26.533333,0,,39.260452,46.243367,27.084695,52.778945,37.917717
797,26.566667,0,,38.476220,45.727415,25.972321,52.483596,36.972744
798,26.600000,0,,38.475923,45.727307,25.972113,52.483573,36.972083
799,26.633333,0,,38.591944,45.801313,26.112742,52.528879,37.134210
800,26.666667,0,,38.488955,45.744161,25.983780,52.502847,36.980239
801,26.700000,0,,38.994142,46.055198,26.637334,52.673694,37.671399
802,26.733333,0,,38.953491,46.030513,26.583342,52.660787,37.616344
803,26.766667,0,,39.091587,46.125909,26.763005,52.723398,37.788358
804,26.800000,0,,38.506757,45.801683,26.018970,52.578625,36.922677
805,26.833333,0,,38.910371,46.077481,26.515669,52.763134,37.452311
806,26.866667,0,,38.556539,45.853962,26.089306,52.627803,36.952509
807,26.900000,0,,38.561491,45.857183,26.095591,52.629771,36.959109
808,26.933333,0,,38.548460,45.850324,26.078839,52.627152,36.939390
809,26.966667,0,,38.997258,46.152259,26.650965,52.820617,37.520193
810,27.000000,0,,38.992525,46.149539,26.644470,52.819400,37.513706
811,27.033333,0,,39.198564,46.300422,26.910174,52.926633,37.758886
812,27.066667,0,,38.636345,45.922910,26.211995,52.681359,37.015680
813,27.100000,0,,39.140237,46.320552,26.799865,53.001672,37.619172
814,27.133333,0,,39.007430,46.211644,26.645163,52.910814,37.466314
815,27.166667,0,,39.172173,46.347646,26.841770,53.023902,37.650847
816,27.200000,0,,38.682259,45.967269,26.277070,52.720671,37.049036
817,27.233333,0,,39.176321,46.359290,26.855577,53.037599,37.635788
818,27.266667,0,,39.029549,46.239947,26.684613,52.938766,37.465268
819,27.300000,0,,39.186054,46.368693,26.872306,53.045291,37.640566
820,27.333333,0,,38.722494,46.011053,26.341732,52.761092,37.064658
821,27.366667,0,,39.147574,46.250105,26.902232,52.867289,37.673201
822,27.400000,0,,38.738639,45.994251,26.399890,52.716823,37.099204
823,27.433333,0,,38.740934,45.995722,26.402784,52.717706,37.102311
824,27.466667,0,,38.734671,45.992501,26.393371,52.716862,37.093778
825,27.500000,0,,39.180431,46.350016,26.914558,53.008913,37.617823
826,27.533333,0,,39.086906,46.272801,26.807373,52.943736,37.509610
827,27.566667,0,,39.250842,46.408104,27.002483,53.056335,37.693708
828,27.600000,0,,38.774002,46.030597,26.447943,52.750944,37.123120
829,27.633333,0,,39.175392,46.374172,26.902760,53.050753,37.572664
830,27.666667,0,,39.069175,46.280757,26.783271,52.967344,37.456911
831,27.700000,0,,39.195764,46.390220,26.931181,53.062643,37.593468
832,27.733333,0,,38.806042,46.062114,26.492033,52.779540,37.146553
833,27.766667,0,,31.688273,35.591918,23.809613,39.479577,31.775630
834,27.800000,0,,31.424227,35.327318,23.549172,39.213883,31.509625
835,27.833333,0,,31.463848,35.343008,23.604193,39.212924,31.574426
836,27.866667,0,,31.053240,34.955259,23.184477,38.839856,31.135386
837,27.900000,0,,31.463546,35.105780,23.800876,38.801139,31.788623
838,27.933333,0,,31.288782,34.968953,23.599779,38.691126,31.575442
839,27.966667,0,,31.358289,34.965040,23.751032,38.628600,31.695235
840,28.000000,0,,30.585925,34.467546,22.810436,38.320450,30.626888
841,28.033333,0,,31.124993,34.814251,23.495321,38.528513,31.351144
842,28.066667,0,,30.914068,34.646937,23.251507,38.392594,31.098101
843,28.100000,0,,31.063105,34.738880,23.460634,38.439718,31.288964
844,28.133333,0,,30.445517,34.303843,22.730156,38.130685,30.475710
845,28.166667,0,,30.972427,34.667875,23.374827,38.378571,31.163882
846,28.200000,0,,30.783502,34.514252,23.159210,38.250378,30.940918
847,28.233333,0,,30.864782,34.567033,23.278672,38.278998,31.036675
848,28.266667,0,,30.361039,34.200076,22.700914,38.004147,30.378057
849,28.300000,0,,30.732959,34.438226,23.179984,38.144630,30.874263
850,28.333333,0,,30.369278,34.157711,22.787465,37.916587,30.403781
851,28.366667,0,,30.390906,34.172377,22.815672,37.925951,30.431095
852,28.400000,0,,30.327658,34.129797,22.737775,37.898045,30.347155
853,28.433333,0,,30.727317,34.425158,23.215234,38.118511,30.848204
854,28.466667,0,,30.453712,34.208184,22.913302,37.939164,30.508671
855,28.500000,0,,30.526034,34.258850,23.004115,37.973768,30.600218
856,28.533333,0,,30.302123,34.091347,22.746611,37.844920,30.314838
857,28.566667,0,,30.929683,34.425487,23.604844,37.965782,31.218423
858,28.600000,0,,30.684673,34.232823,23.320408,37.810790,30.922821
859,28.633333,0,,30.684970,34.232952,23.320824,37.810800,30.923288
860,28.666667,0,,30.174031,33.865832,22.760200,37.534377,30.227516
861,28.700000,0,,30.621064,34.222569,23.273222,37.826573,30.763397
862,28.733333,0,,30.488785,34.110453,23.123832,37.729388,30.613135
863,28.766667,0,,30.626145,34.222322,23.288155,37.821216,30.769065
864,28.800000,0,,30.172231,33.856710,22.775799,37.517391,30.223503
865,28.833333,0,,30.577893,34.192441,23.237732,37.802010,30.693938
866,28.866667,0,,30.456484,34.088553,23.100964,37.711202,30.557285
867,28.900000,0,,30.578298,34.189912,23.245836,37.796170,30.692888
868,28.933333,0,,30.188681,33.865375,22.810506,37.517747,30.237790
869,28.966667,0,,30.370438,34.008712,23.021552,37.633358,30.456404
870,29.000000,0,,30.203458,33.872323,22.840755,37.516970,30.252650
871,29.033333,0,,30.203530,33.872409,22.840780,37.517075,30.252734
872,29.066667,0,,34.312161,40.665190,22.937046,46.676228,33.323210
873,29.100000,0,,34.405027,40.721739,23.051607,46.707877,33.455597
874,29.133333,0,,35.483011,41.765644,24.119663,47.735028,34.594344
875,29.166667,0,,35.822168,42.174876,24.407355,48.194404,34.864745
876,29.200000,0,,35.721847,42.129136,24.273130,48.186372,34.706038
877,29.233333,0,,36.093315,42.407362,24.703275,48.400015,35.176655
878,29.266667,0,,36.574848,42.975905,25.110808,49.033025,35.580710
879,29.300000,0,,36.753743,43.116797,25.311274,49.148108,35.801849
880,29.333333,0,,36.535021,42.989493,25.041763,49.082650,35.480650
881,29.366667,0,,37.108016,43.458994,25.676070,49.481302,36.166675
882,29.400000,0,,37.102628,43.456176,25.668742,49.480334,36.158809
883,29.433333,0,,37.353372,43.668641,25.951043,49.664657,36.444415
884,29.466667,0,,36.919025,43.408316,25.392156,49.528145,35.836773
885,29.500000,0,,37.466138,43.839518,26.024185,49.876449,36.497781
886,29.533333,0,,37.332156,43.750886,25.850862,49.821586,36.324021
887,29.566667,0,,37.512785,43.900879,26.058919,49.948581,36.530854
888,29.600000,0,,37.102858,43.603658,25.571902,49.730768,36.005903
889,29.633333,0,,37.504596,43.931069,26.021702,50.006417,36.485669
890,29.666667,0,,37.279045,43.775754,25.755235,49.899032,36.182868
891,29.700000,0,,37.300711,43.792316,25.779963,49.912092,36.210078
892,29.733333,0,,37.252257,43.758409,25.722061,49.888325,36.146385
893,29.766667,0,,37.713644,44.126849,26.247674,50.191136,36.702123
894,29.800000,0,,37.670129,44.096564,26.195062,50.170183,36.645141
895,29.833333,0,,37.861305,44.256913,26.418816,50.306302,36.858797
896,29.866667,0,,37.401785,43.921181,25.876089,50.057467,36.271798
897,29.900000,0,,37.533789,44.104332,25.949160,50.281884,36.370324
898,29.933333,0,,37.530254,44.103339,25.943910,50.282677,36.364174
899,29.966667,0,,37.689359,44.237098,26.113314,50.400115,36.554650
900,30.000000,0,,37.522889,44.094884,25.940947,50.272655,36.355064
901,30.033333,0,,37.979746,44.457032,26.474489,50.565476,36.899272
902,30.066667,0,,37.842643,44.353346,26.303200,50.487807,36.736922
903,30.100000,0,,38.003967,44.482071,26.498977,50.590910,36.922015
904,30.133333,0,,37.567452,44.148644,25.976724,50.333441,36.392190
905,30.166667,0,,37.958572,44.476180,26.418606,50.614589,36.842523
906,30.200000,0,,37.820024,44.368030,26.257722,50.528193,36.674157
907,30.233333,0,,37.942582,44.468853,26.400349,50.612567,36.814829
908,30.266667,0,,37.606168,44.193904,26.017350,50.381916,36.419237
909,30.300000,0,,37.447968,44.500231,25.327147,51.062317,35.954441
910,30.333333,0,,37.504325,44.563877,25.384576,51.129775,35.998624
911,30.366667,0,,37.659711,44.671114,25.562658,51.205324,36.211150
912,30.400000,0,,37.585972,44.648033,25.467032,51.215148,36.075736
913,30.433333,0,,38.176699,45.046521,26.202906,51.475209,36.851982
914,30.466667,0,,37.914141,44.930042,25.847288,51.460155,36.434979
915,30.500000,0,,38.047107,45.025768,26.011817,51.528314,36.601189
916,30.533333,0,,37.759137,44.863341,25.643176,51.453204,36.181030
917,30.566667,0,,38.186948,45.175988,26.160577,51.682348,36.717918
918,30.600000,0,,38.179548,45.171409,26.150248,51.679975,36.708420
919,30.633333,0,,38.203802,45.206898,26.182646,51.719923,36.708837
920,30.666667,0,,37.854163,44.976293,25.748419,51.573878,36.240191
921,30.700000,0,,38.254109,45.277267,26.224907,51.803188,36.734232
922,30.733333,0,,37.938633,45.060128,25.855289,51.652469,36.308142
923,30.766667,0,,37.947314,45.066023,25.866485,51.656268,36.319189
924,30.800000,0,,37.924193,45.052167,25.836841,51.648980,36.286758
925,30.833333,0,,38.448626,45.430058,26.476908,51.920260,36.948710
926,30.866667,0,,38.271125,45.306592,26.257008,51.836054,36.720314
927,30.900000,0,,38.430567,45.425203,26.456222,51.923311,36.912169
928,30.933333,0,,38.029491,45.145759,25.971931,51.729568,36.386974
929,30.966667,0,,38.578537,45.546105,26.641906,52.020948,37.072756
930,31.000000,0,,38.467586,45.466279,26.505423,51.963979,36.933357
931,31.033333,0,,38.673166,45.627869,26.758256,52.090828,37.170413
932,31.066667,0,,38.138281,45.255500,26.121547,51.830922,36.462373
933,31.100000,0,,38.463932,45.437327,26.544923,51.911558,36.935316
934,31.133333,0,,38.168781,45.261612,26.167538,51.820112,36.518695
935,31.166667,0,,38.171224,45.263107,26.170752,51.820911,36.522008
936,31.200000,0,,38.165757,45.260608,26.163115,51.820534,36.513621
937,31.233333,0,,38.613915,45.613169,26.689168,52.103010,37.049567
938,31.266667,0,,38.438360,45.476197,26.482960,51.994154,36.837967
939,31.300000,0,,38.562591,45.573303,26.632181,52.070743,36.984849
940,31.333333,0,,38.185302,45.283077,26.190807,51.842848,36.522250
941,31.366667,0,,38.586979,45.623321,26.643947,52.137746,36.979244
942,31.400000,0,,38.447320,45.508279,26.484581,52.040676,36.816701
943,31.433333,0,,38.560207,45.602275,26.615928,52.120152,36.944540
944,31.466667,0,,38.211268,45.309487,26.224127,51.867899,36.541780
945,31.500000,0,,38.220796,45.315979,26.235265,51.872354,36.554771
946,31.533333,0,,38.211673,45.309641,26.224827,51.867849,36.542343
947,31.566667,0,,30.581164,33.965037,23.538247,37.381628,30.823619
948,31.600000,0,,30.581164,33.965037,23.538247,37.381628,30.823619
949,31.633333,0,,30.672973,33.873698,23.798437,37.151837,31.068644
950,31.666667,0,,30.531851,33.769574,23.641191,37.071776,30.882586
951,31.700000,0,,30.279466,33.371005,23.560002,36.554664,30.723732
952,31.733333,0,,29.622161,32.913720,22.801884,36.230444,29.834157
953,31.766667,0,,29.864896,33.012985,23.150066,36.227028,30.217594
954,31.800000,0,,29.300935,32.553118,22.553176,35.832145,29.517485
955,31.833333,0,,29.304628,32.555320,22.557891,35.833296,29.522696
956,31.866667,0,,29.295884,32.551648,22.546711,35.832972,29.507968
957,31.900000,0,,29.763971,32.790208,23.194949,35.904760,30.192203
958,31.933333,0,,29.443120,32.546444,22.839747,35.711297,29.778315
959,31.966667,0,,29.126987,32.321282,22.481395,35.545860,29.353707
960,32.000000,0,,29.114544,32.199098,22.566030,35.341551,29.436051
961,32.033333,0,,29.580602,32.547874,23.098571,35.610694,30.032540
962,32.066667,0,,29.423342,32.421227,22.925248,35.504551,29.840226
963,32.100000,0,,29.567904,32.529301,23.096839,35.586465,30.020409
964,32.133333,0,,29.084907,32.154822,22.565458,35.282801,29.406462
965,32.166667,0,,29.537147,32.516668,23.071606,35.582689,29.957147
966,32.200000,0,,29.390515,32.389312,22.912536,35.468751,29.790257
967,32.233333,0,,29.524697,32.501726,23.066361,35.564789,29.942942
968,32.266667,0,,29.070665,32.133542,22.575831,35.252238,29.383926
969,32.300000,0,,29.573583,32.514541,23.176475,35.544208,30.000066
970,32.333333,0,,29.417543,32.383487,23.002938,35.430847,29.818842
971,32.366667,0,,29.564457,32.502023,23.181112,35.526801,29.985458
972,32.400000,0,,29.073131,32.120618,22.627819,35.219957,29.371618
973,32.433333,0,,28.967138,31.939312,22.620599,34.975269,29.305546
974,32.466667,0,,28.964271,31.937860,22.616582,34.974854,29.301377
975,32.500000,0,,28.975295,31.945159,22.629743,34.979618,29.316525
976,32.533333,0,,28.957863,31.935088,22.606317,34.974942,29.292331
977,32.566667,0,,29.339421,32.242315,23.035270,35.230551,29.752442
978,32.600000,0,,29.233071,32.151711,22.916416,35.151420,29.631376
979,32.633333,0,,29.342274,32.242653,23.042316,35.228577,29.755929
980,32.666667,0,,28.954428,31.927228,22.616833,34.961580,29.284871
981,32.700000,0,,29.403007,32.285656,23.129287,35.256007,29.823728
982,32.733333,0,,29.283829,32.184400,22.996370,35.167702,29.687415
983,32.766667,0,,29.430493,32.308119,23.167576,35.273324,29.850578
984,32.800000,0,,28.984945,31.946423,22.673740,34.968726,29.312369
985,32.833333,0,,26.102411,27.291661,21.806022,28.890067,27.611145
986,32.866667,0,,26.027758,27.214954,21.736922,28.811008,27.535345
987,32.900000,0,,26.106253,27.254736,21.835151,28.824987,27.658620
988,32.933333,0,,25.900265,27.086691,21.616394,28.680796,27.403606
989,32.966667,0,,26.306203,27.289272,22.175672,28.736989,28.005948
990,33.000000,0,,26.222972,27.231504,22.072664,28.697677,27.898576
991,33.033333,0,,26.322986,27.294190,22.207151,28.732110,28.029696
992,33.066667,0,,25.724520,26.917127,21.487908,28.504345,27.181306
993,33.100000,0,,26.285656,27.275298,22.198828,28.717122,27.941017
994,33.133333,0,,26.085682,27.125000,21.961935,28.602465,27.692646
995,33.166667,0,,26.185085,27.190031,22.102670,28.639388,27.813198
996,33.200000,0,,25.679795,26.857919,21.487416,28.427437,27.124531
997,33.233333,0,,26.218217,27.205541,22.175002,28.636555,27.843095
998,33.266667,0,,25.996419,27.041524,21.915344,28.512885,27.561028
999,33.300000,0,,26.151062,27.144870,22.119983,28.576835,27.756368
1000,33.333333,0,,25.684639,26.829923,21.562282,28.365919,27.125717
1001,33.366667,0,,26.188136,27.187168,22.178315,28.617391,27.768701
1002,33.400000,0,,26.054558,27.083860,22.019984,28.536294,27.607396
1003,33.433333,0,,26.227004,27.215178,22.236554,28.635143,27.809315
1004,33.466667,0,,25.703097,26.835694,21.618021,28.356505,27.134765
1005,33.500000,0,,26.230156,27.215899,22.271425,28.627589,27.791453
1006,33.533333,0,,26.076346,27.096435,22.088560,28.533537,27.606941
1007,33.566667,0,,26.245749,27.226667,22.301641,28.632485,27.803122
1008,33.600000,0,,25.742983,26.859326,21.705445,28.360732,27.162772
1009,33.633333,0,,26.138545,27.049475,22.248165,28.404703,27.762767
1010,33.666667,0,,25.722201,26.781347,21.752230,28.236245,27.178128
1011,33.700000,0,,25.731849,26.787342,21.764059,28.239734,27.191755
1012,33.733333,0,,25.716015,26.778996,21.743402,28.236599,27.168044
1013,33.766667,0,,26.149030,27.116579,22.250102,28.505109,27.691878
1014,33.800000,0,,26.007638,27.004300,22.087310,28.413666,27.521938
1015,33.833333,0,,26.134633,27.103735,22.239566,28.492284,27.672050
1016,33.866667,0,,25.726895,26.787263,21.768252,28.240366,27.172066
1017,33.900000,0,,26.179371,27.151782,22.285419,28.541925,27.710770
1018,33.933333,0,,26.044270,27.040859,22.131021,28.448639,27.553151
1019,33.966667,0,,26.189046,27.160717,22.301833,28.548978,27.716327
1020,34.000000,0,,25.768874,26.826590,21.828772,28.274172,27.203679
1021,34.033333,0,,25.768874,26.826590,21.828772,28.274172,27.203679
1022,34.066667,0,,25.768874,26.826590,21.828772,28.274172,27.203679
1023,34.100000,0,,26.189616,28.363959,20.604045,30.790794,27.174007
1024,34.133333,0,,26.343891,28.521048,20.756336,30.949877,27.325461
1025,34.166667,0,,27.034775,28.988492,21.607947,31.258171,28.238207
1026,34.200000,0,,27.141325,29.185291,21.652997,31.518506,28.252472
1027,34.233333,0,,27.200235,29.380623,21.633840,31.806627,28.160238
1028,34.266667,0,,27.062892,29.320320,21.441880,31.801023,27.945771
1029,34.300000,0,,27.733258,29.789371,22.256493,32.126804,28.816478
1030,34.333333,0,,27.630948,29.751306,22.098502,32.136568,28.657773
1031,34.366667,0,,27.662921,29.830577,22.114562,32.245574,28.628627
1032,34.400000,0,,27.397539,29.685406,21.764840,32.185560,28.242216
1033,34.433333,0,,27.840806,30.047348,22.273727,32.488022,28.760668
1034,34.466667,0,,27.836420,30.045695,22.267135,32.488368,28.753755
1035,34.500000,0,,28.001434,30.167306,22.469338,32.577760,28.957205
1036,34.533333,0,,27.660011,29.971963,22.027472,32.485455,28.467106
1037,34.566667,0,,28.161786,30.335628,22.622569,32.752063,29.110727
1038,34.600000,0,,28.128556,30.313661,22.578848,32.738640,29.068179
1039,34.633333,0,,28.301052,30.450200,22.785691,32.847715,29.269749
1040,34.666667,0,,27.833924,30.150819,22.209985,32.665177,28.626610
1041,34.700000,0,,28.247275,30.466862,22.686415,32.913420,29.141990
1042,34.733333,0,,27.980832,30.283614,22.369712,32.787338,28.785446
1043,34.766667,0,,28.012046,30.305232,22.408497,32.801975,28.825665
1044,34.800000,0,,27.936993,30.257859,22.315846,32.773813,28.721318
1045,34.833333,0,,28.640694,30.676465,23.212120,32.992082,29.717881
1046,34.866667,0,,28.439810,30.569258,22.926561,32.955375,29.437493
1047,34.900000,0,,28.443607,30.571384,22.931815,32.956255,29.442751
1048,34.933333,0,,28.016947,30.391547,22.338382,32.949872,28.762586
1049,34.966667,0,,28.497985,30.772966,22.894660,33.259552,29.339744
1050,35.000000,0,,28.367980,30.671236,22.739371,33.179042,29.185527
1051,35.033333,0,,28.532022,30.806043,22.933885,33.290964,29.371219
1052,35.066667,0,,28.078330,30.459036,22.401661,33.020337,28.812990
1053,35.100000,0,,28.544767,30.838757,22.937921,33.336667,29.359714
1054,35.133333,0,,28.433223,30.748485,22.808108,33.262194,29.229368
1055,35.166667,0,,28.597381,30.888330,22.997802,33.382964,29.411376
1056,35.200000,0,,28.159151,30.543316,22.495790,33.103631,28.878034
1057,35.233333,0,,28.159151,30.543316,22.495790,33.103631,28.878034
1058,35.266667,0,,28.159151,30.543316,22.495790,33.103631,28.878034
1059,35.300000,0,,28.159151,30.543316,22.495790,33.103631,28.878034
1060,35.333333,0,,28.065578,31.031851,21.483126,34.116044,28.597565
1061,35.366667,0,,28.445511,31.262356,21.971367,34.239935,29.125230
1062,35.400000,0,,28.362179,31.230326,21.847632,34.245211,28.993695
1063,35.433333,0,,28.617162,31.576503,22.061240,34.651054,29.139193
1064,35.466667,0,,28.486034,31.513552,21.880964,34.636686,28.940454
1065,35.500000,0,,29.185457,31.968093,22.764076,34.915158,29.877138
1066,35.533333,0,,29.076540,31.941420,22.595889,34.947089,29.686644
1067,35.566667,0,,29.328474,32.129194,22.905534,35.086641,29.993248
1068,35.600000,0,,28.819439,31.873941,22.226067,35.009504,29.222746
1069,35.633333,0,,29.379281,32.283355,22.900882,35.310293,29.926669
1070,35.666667,0,,29.230709,32.179275,22.713609,35.239366,29.739153
1071,35.700000,0,,29.378769,32.300555,22.893607,35.338804,29.903895
1072,35.733333,0,,28.935367,31.997794,22.348245,35.136392,29.321464
1073,35.766667,0,,29.461504,32.379062,22.984275,35.413231,29.987006
1074,35.800000,0,,29.309772,32.277067,22.798398,35.346306,29.784612
1075,35.833333,0,,29.484419,32.408487,23.013472,35.444899,29.994886
1076,35.866667,0,,29.058550,32.123978,22.490654,35.260043,29.424951
1077,35.900000,0,,29.477887,32.446946,22.980978,35.514006,29.938678
1078,35.933333,0,,29.427761,32.408223,22.920689,35.483835,29.878759
1079,35.966667,0,,29.594291,32.545079,23.117340,35.597638,30.067896
1080,36.000000,0,,29.131793,32.205337,22.573502,35.343812,29.478065
1081,36.033333,0,,29.804128,32.594759,23.445077,35.532653,30.434653
1082,36.066667,0,,29.585854,32.462455,23.150473,35.464747,30.142342
1083,36.100000,0,,29.588917,32.464084,23.154710,35.465323,30.146717
1084,36.133333,0,,29.127416,32.228483,22.551811,35.386019,29.444418
1085,36.166667,0,,29.592322,32.595201,23.096939,35.680705,29.999321
1086,36.200000,0,,29.477595,32.502711,22.961025,35.605188,29.866572
1087,36.233333,0,,29.636667,32.634410,23.150043,35.715150,30.044809
1088,36.266667,0,,29.168726,32.272326,22.600324,35.429696,29.476158
1089,36.300000,0,,29.587763,32.622917,23.077391,35.729615,29.956281
1090,36.333333,0,,29.478153,32.530253,22.952803,35.649629,29.832028
1091,36.366667,0,,29.607092,32.640157,23.102257,35.744486,29.974532
1092,36.400000,0,,29.205120,32.311158,22.641713,35.468790,29.504857
1093,36.433333,0,,29.207076,32.312467,22.644099,35.469647,29.507482
1094,36.466667,0,,29.205072,32.311082,22.641678,35.468696,29.504844
1095,36.500000,0,,29.205090,32.311127,22.641680,35.468761,29.504829
1096,36.533333,0,,25.718329,26.097920,22.375933,27.038490,27.740563
1097,36.566667,0,,25.909253,26.079382,22.735692,26.866791,28.125277
1098,36.600000,0,,25.745410,25.964063,22.546495,26.783950,27.905786
1099,36.633333,0,,25.757411,25.972268,22.562333,26.789209,27.920691
1100,36.666667,0,,24.873771,25.157977,21.722623,26.003829,26.894861
1101,36.700000,0,,25.373934,25.441577,22.393539,26.129907,27.598355
1102,36.733333,0,,25.164937,25.280550,22.145305,26.004080,27.345428
1103,36.766667,0,,24.904237,25.048370,21.891634,25.786201,27.034875
1104,36.800000,0,,24.640111,24.881037,21.562469,25.686809,26.671056
1105,36.833333,0,,25.190655,25.212632,22.283268,25.859666,27.429030
1106,36.866667,0,,24.968497,25.036437,22.024105,25.717070,27.164316
1107,36.900000,0,,24.986113,25.030286,22.078443,25.689706,27.190189
1108,36.933333,0,,24.536028,24.730615,21.525404,25.496025,26.586654
1109,36.966667,0,,25.057654,25.043307,22.212728,25.656535,27.303698
1110,37.000000,0,,24.853111,24.884650,21.978665,25.529800,27.050867
1111,37.033333,0,,25.008802,24.981759,22.191442,25.581918,27.253046
1112,37.066667,0,,24.489148,24.623193,21.562690,25.336612,26.568142
1113,37.100000,0,,24.929310,24.935504,22.099335,25.556872,27.131723
1114,37.133333,0,,24.818456,24.848586,21.970277,25.487219,26.997871
1115,37.166667,0,,24.969592,24.962660,22.157416,25.572854,27.178507
1116,37.200000,0,,24.474067,24.588172,21.581376,25.283148,26.557677
1117,37.233333,0,,24.969060,24.925433,22.195736,25.506771,27.204672
1118,37.266667,0,,24.844959,24.829679,22.048963,25.431706,27.054210
1119,37.300000,0,,25.018927,24.956622,22.270563,25.522140,27.264077
1120,37.333333,0,,24.496365,24.580853,21.650566,25.249146,26.589383
1121,37.366667,0,,25.129470,24.906506,22.518416,25.352842,27.517153
1122,37.400000,0,,24.886905,24.722898,22.226169,25.212816,27.221731
1123,37.433333,0,,24.854401,24.666653,22.237225,25.133878,27.192101
1124,37.466667,0,,24.401484,24.388109,21.660866,24.979100,26.564487
1125,37.500000,0,,24.837915,24.721212,22.171454,25.238643,27.103648
1126,37.533333,0,,24.689276,24.603251,21.999681,25.142766,26.925381
1127,37.566667,0,,24.816909,24.701434,22.153975,25.218777,27.077975
1128,37.600000,0,,24.399912,24.379443,21.669262,24.964320,26.566153
1129,37.633333,0,,24.833588,24.722531,22.178870,25.240532,27.081363
1130,37.666667,0,,24.721338,24.629660,22.051178,25.161794,26.951041
1131,37.700000,0,,24.867843,24.750738,22.223541,25.263108,27.116879
1132,37.733333,0,,24.436077,24.406982,21.737132,24.980146,26.590953
1133,37.766667,0,,24.436077,24.406982,21.737132,24.980146,26.590953
1134,37.800000,0,,23.945391,24.182395,20.671270,25.028891,26.136013
1135,37.833333,0,,24.059629,24.277687,20.794734,25.111649,26.272502
1136,37.866667,0,,24.033638,24.269402,20.760505,25.114993,26.225416
1137,37.900000,0,,24.726995,24.736503,21.635215,25.416877,27.128892
1138,37.933333,0,,24.511528,24.719552,21.306242,25.534927,26.693415
1139,37.966667,0,,24.615577,24.791592,21.434346,25.583943,26.828442
1140,38.000000,0,,24.411337,24.692254,21.160936,25.557951,26.515124
1141,38.033333,0,,24.963541,25.060223,21.843951,25.795069,27.251604
1142,38.066667,0,,24.918576,25.035493,21.780012,25.785716,27.190001
1143,38.100000,0,,25.158062,25.216823,22.077428,25.922109,27.474647
1144,38.133333,0,,24.589619,24.886265,21.344315,25.759583,26.664959
1145,38.166667,0,,25.148138,25.279811,22.028234,26.034153,27.382029
1146,38.200000,0,,25.002552,25.176451,21.846464,25.962139,27.199053
1147,38.233333,0,,25.168268,25.304982,22.050116,26.061740,27.392947
1148,38.266667,0,,24.688665,24.983807,21.457824,25.853132,26.755040
1149,38.300000,0,,25.108428,25.290797,21.960037,26.079506,27.285740
1150,38.333333,0,,24.845611,25.107009,21.647391,25.950476,26.938964
1151,38.366667,0,,24.892986,25.139745,21.706339,25.972556,27.000063
1152,38.400000,0,,24.768419,25.062823,21.549086,25.929224,26.826948
1153,38.433333,0,,25.289675,25.442778,22.174271,26.208035,27.486720
1154,38.466667,0,,25.124875,25.326276,21.971551,26.126629,27.276446
1155,38.500000,0,,25.293985,25.456814,22.174352,26.228394,27.479208
1156,38.533333,0,,24.854593,25.154915,21.645154,26.022442,26.896182
1157,38.566667,0,,25.529793,25.542388,22.522865,26.205948,27.860565
1158,38.600000,0,,25.320457,25.413206,22.242212,26.136840,27.582319
1159,38.633333,0,,25.328232,25.417872,22.252679,26.139193,27.592823
1160,38.666667,0,,24.885030,25.196126,21.660363,26.072960,26.921765
1161,38.700000,0,,25.334465,25.546226,22.182956,26.351935,27.468504
1162,38.733333,0,,25.211552,25.448250,22.038559,26.272495,27.323604
1163,38.766667,0,,25.352086,25.562093,22.205053,26.365851,27.485353
1164,38.800000,0,,24.914439,25.228884,21.692689,26.106940,26.943689
1165,38.833333,0,,25.312950,25.558995,22.148648,26.386532,27.403670
1166,38.866667,0,,25.209292,25.473091,22.028780,26.314025,27.285071
1167,38.900000,0,,25.332648,25.577263,22.172814,26.403031,27.422100
1168,38.933333,0,,24.945886,25.264600,21.733742,26.142930,26.960985
1169,38.966667,0,,24.952805,25.269166,21.741608,26.145982,26.970824
1170,39.000000,0,,24.946123,25.264493,21.733849,26.142660,26.961860
1171,39.033333,0,,24.946114,25.264524,21.733789,26.142724,26.961831
1172,39.066667,0,,25.618614,27.653513,20.071241,29.994587,26.790013
1173,39.100000,0,,26.465049,28.304826,21.062845,30.505868,27.826434
1174,39.133333,0,,26.430628,28.335844,20.968587,30.586284,27.737012
1175,39.166667,0,,26.472880,28.365999,21.024899,30.606651,27.787090
1176,39.200000,0,,26.713291,28.854010,21.071775,31.274391,27.793706
1177,39.233333,0,,27.585303,29.537462,22.081016,31.823189,28.851704
1178,39.266667,0,,27.570375,29.547576,22.047418,31.851284,28.812425
1179,39.300000,0,,27.592085,29.782662,21.934549,32.234224,28.607482
1180,39.333333,0,,27.521896,29.751461,21.837712,32.230488,28.497489
1181,39.366667,0,,28.144985,30.197882,22.592523,32.550060,29.292372
1182,39.400000,0,,28.043708,30.147739,22.446734,32.538026,29.146364
1183,39.433333,0,,28.071451,30.228930,22.448189,32.654631,29.111533
1184,39.466667,0,,27.807278,30.073012,22.100047,32.577153,28.744634
1185,39.500000,0,,28.375005,30.499716,22.771857,32.902832,29.450327
1186,39.533333,0,,28.253278,30.421091,22.613147,32.856214,29.290472
1187,39.566667,0,,28.408694,30.555056,22.789322,32.973736,29.463024
1188,39.600000,0,,27.988307,30.276463,22.276194,32.794119,28.894609
1189,39.633333,0,,28.415213,30.602081,22.770826,33.048712,29.426102
1190,39.666667,0,,28.165026,30.450698,22.455698,32.966366,29.073015
1191,39.700000,0,,28.184566,30.464291,22.479918,32.975636,29.098146
1192,39.733333,0,,28.138430,30.436952,22.419082,32.961942,29.034265
1193,39.766667,0,,28.656092,30.819746,23.028212,33.249884,29.690180
1194,39.800000,0,,28.640931,30.812142,23.006973,33.247804,29.668016
1195,39.833333,0,,28.884273,31.008063,23.298614,33.406850,29.947354
1196,39.866667,0,,28.358096,30.685843,22.640618,33.226651,29.207017
1197,39.900000,0,,28.381905,30.784347,22.589960,33.382887,29.172867
1198,39.933333,0,,28.377445,30.782674,22.583125,33.383280,29.165929
1199,39.966667,0,,28.372854,30.781165,22.576480,33.383930,29.158151
1200,40.000000,0,,28.360480,30.807135,22.483073,33.448883,29.149482
1201,40.033333,0,,28.725213,31.100796,22.872758,33.697636,29.605244
1202,40.066667,0,,28.624353,31.022967,22.757429,33.635752,29.479878
1203,40.100000,0,,28.736815,31.111646,22.886960,33.707501,29.615983
1204,40.133333,0,,28.387123,30.834238,22.515179,33.475048,29.171141
1205,40.166667,0,,28.422396,30.860941,22.553676,33.496289,29.217223
1206,40.200000,0,,28.413961,30.853924,22.544300,33.490265,29.207318
1207,40.233333,0,,28.422379,30.860925,22.553564,33.496294,29.217278
1208,40.266667,0,,28.388405,30.835680,22.516578,33.476554,29.172084
1209,40.300000,0,,28.394988,30.841027,22.523472,33.481147,29.180345
1210,40.333333,0,,28.393416,30.839668,22.521707,33.479948,29.178594
1211,40.366667,0,,28.395051,30.841015,22.523509,33.481099,29.180544
1212,40.400000,0,,28.388240,30.835660,22.516662,33.476560,29.171497
1213,40.433333,0,,28.389924,30.837158,22.518580,33.477903,29.173291
1214,40.466667,0,,28.389536,30.836840,22.518084,33.477649,29.172874
1215,40.500000,0,,28.389920,30.837171,22.518581,33.477924,29.173256
1216,40.533333,0,,28.388350,30.835775,22.516771,33.476678,29.171600
1217,40.566667,0,,28.388729,30.836127,22.517123,33.477020,29.172043
1218,40.600000,0,,28.388641,30.836032,22.517045,33.476919,29.171959
1219,40.633333,0,,28.388730,30.836119,22.517131,33.477006,29.172054
1220,40.666667,0,,28.388377,30.835795,22.516810,33.476691,29.171631
1221,40.700000,0,,28.388405,30.835818,22.516836,33.476712,29.171666
1222,40.733333,0,,28.388397,30.835811,22.516829,33.476705,29.171658
1223,40.766667,0,,28.388407,30.835821,22.516839,33.476714,29.171668
1224,40.800000,0,,28.388376,30.835791,22.516812,33.476685,29.171630
1225,40.833333,0,,28.388376,30.835791,22.516812,33.476685,29.171630
1226,40.866667,0,,28.388376,30.835791,22.516812,33.476685,29.171630
1227,40.900000,0,,28.388376,30.835791,22.516812,33.476685,29.171630
1228,40.933333,0,,28.388376,30.835791,22.516812,33.476685,29.171630
1229,40.966667,0,,28.388376,30.835791,22.516812,33.476685,29.171630
1230,41.000000,0,,28.388376,30.835791,22.516812,33.476685,29.171630
1231,41.033333,0,,28.388376,30.835791,22.516812,33.476685,29.171630
1232,41.066667,0,,28.388376,30.835791,22.516812,33.476685,29.171630
1233,41.100000,0,,28.388376,30.835791,22.516812,33.476685,29.171630
1234,41.133333,0,,28.388376,30.835791,22.516812,33.476685,29.171630
1235,41.166667,0,,28.388376,30.835791,22.516812,33.476685,29.171630
1236,41.200000,0,,28.388376,30.835791,22.516812,33.476685,29.171630
1237,41.233333,0,,28.388376,30.835791,22.516812,33.476685,29.171630
1238,41.266667,0,,28.388376,30.835791,22.516812,33.476685,29.171630
1239,41.300000,0,,28.388376,30.835791,22.516812,33.476685,29.171630
1240,41.333333,0,,28.388376,30.835791,22.516812,33.476685,29.171630
1241,41.366667,0,,28.388376,30.835791,22.516812,33.476685,29.171630
1242,41.400000,0,,28.388376,30.835791,22.516812,33.476685,29.171630
1243,41.433333,0,,28.388376,30.835791,22.516812,33.476685,29.171630
1244,41.466667,0,,28.388376,30.835791,22.516812,33.476685,29.171630
1245,41.500000,0,,28.388376,30.835791,22.516812,33.476685,29.171630
1246,41.533333,0,,28.388376,30.835791,22.516812,33.476685,29.171630
1247,41.566667,0,,28.388376,30.835791,22.516812,33.476685,29.171630
1248,41.600000,0,,28.388376,30.835791,22.516812,33.476685,29.171630
1249,41.633333,0,,28.388376,30.835791,22.516812,33.476685,29.171630
1250,41.666667,0,,28.388376,30.835791,22.516812,33.476685,29.171630
1251,41.700000,0,,28.388376,30.835791,22.516812,33.476685,29.171630
1252,41.733333,0,,28.388376,30.835791,22.516812,33.476685,29.171630
1253,41.766667,0,,28.388376,30.835791,22.516812,33.476685,29.171630
1254,41.800000,0,,28.388376,30.835791,22.516812,33.476685,29.171630
1255,41.833333,0,,28.388376,30.835791,22.516812,33.476685,29.171630
1256,41.866667,0,,28.388376,30.835791,22.516812,33.476685,29.171630
1257,41.900000,0,,28.388376,30.835791,22.516812,33.476685,29.171630
1258,41.933333,0,,28.388376,30.835791,22.516812,33.476685,29.171630
1259,41.966667,0,,28.388376,30.835791,22.516812,33.476685,29.171630
1260,42.000000,0,,28.388376,30.835791,22.516812,33.476685,29.171630
1261,42.033333,0,,28.388376,30.835791,22.516812,33.476685,29.171630
1262,42.066667,0,,28.388376,30.835791,22.516812,33.476685,29.171630
1263,42.100000,0,,28.388376,30.835791,22.516812,33.476685,29.171630
1264,42.133333,0,,28.388376,30.835791,22.516812,33.476685,29.171630
1265,42.166667,0,,28.388376,30.835791,22.516812,33.476685,29.171630
1266,42.200000,0,,28.388376,30.835791,22.516812,33.476685,29.171630
1267,42.233333,0,,28.388376,30.835791,22.516812,33.476685,29.171630
1268,42.266667,0,,28.388376,30.835791,22.516812,33.476685,29.171630
1269,42.300000,0,,28.388376,30.835791,22.516812,33.476685,29.171630
1270,42.333333,0,,28.388376,30.835791,22.516812,33.476685,29.171630
1271,42.366667,0,,28.388376,30.835791,22.516812,33.476685,29.171630
1272,42.400000,0,,28.388376,30.835791,22.516812,33.476685,29.171630
1273,42.433333,0,,28.388376,30.835791,22.516812,33.476685,29.171630
1274,42.466667,0,,28.388376,30.835791,22.516812,33.476685,29.171630
1275,42.500000,0,,28.388376,30.835791,22.516812,33.476685,29.171630
1276,42.533333,0,,28.388376,30.835791,22.516812,33.476685,29.171630
1277,42.566667,0,,28.388376,30.835791,22.516812,33.476685,29.171630
1278,42.600000,0,,28.388376,30.835791,22.516812,33.476685,29.171630
1279,42.633333,0,,28.388376,30.835791,22.516812,33.476685,29.171630
1280,42.666667,0,,28.388376,30.835791,22.516812,33.476685,29.171630
1281,42.700000,0,,28.388376,30.835791,22.516812,33.476685,29.171630
1282,42.733333,0,,28.388376,30.835791,22.516812,33.476685,29.171630
1283,42.766667,0,,28.388376,30.835791,22.516812,33.476685,29.171630
1284,42.800000,0,,28.388376,30.835791,22.516812,33.476685,29.171630
1285,42.833333,0,,28.388376,30.835791,22.516812,33.476685,29.171630
1286,42.866667,0,,28.388376,30.835791,22.516812,33.476685,29.171630
1287,42.900000,0,,28.388376,30.835791,22.516812,33.476685,29.171630
1288,42.933333,0,,28.388376,30.835791,22.516812,33.476685,29.171630
1289,42.966667,0,,28.388376,30.835791,22.516812,33.476685,29.171630
1290,43.000000,0,,28.388376,30.835791,22.516812,33.476685,29.171630
1291,43.033333,0,,28.388376,30.835791,22.516812,33.476685,29.171630
1292,43.066667,0,,28.388376,30.835791,22.516812,33.476685,29.171630
1293,43.100000,0,,28.388376,30.835791,22.516812,33.476685,29.171630
1294,43.133333,0,,28.388376,30.835791,22.516812,33.476685,29.171630
1295,43.166667,0,,28.388376,30.835791,22.516812,33.476685,29.171630
1296,43.200000,0,,28.388376,30.835791,22.516812,33.476685,29.171630
1297,43.233333,0,,28.388376,30.835791,22.516812,33.476685,29.171630
1298,43.266667,0,,28.388376,30.835791,22.516812,33.476685,29.171630
1299,43.300000,0,,28.388376,30.835791,22.516812,33.476685,29.171630
1300,43.333333,0,,28.388376,30.835791,22.516812,33.476685,29.171630
1301,43.366667,0,,28.388376,30.835791,22.516812,33.476685,29.171630
1302,43.400000,0,,28.388376,30.835791,22.516812,33.476685,29.171630
1303,43.433333,0,,28.388376,30.835791,22.516812,33.476685,29.171630
1304,43.466667,0,,28.388376,30.835791,22.516812,33.476685,29.171630
1305,43.500000,0,,28.388376,30.835791,22.516812,33.476685,29.171630
1306,43.533333,0,,28.388376,30.835791,22.516812,33.476685,29.171630
1307,43.566667,0,,28.388376,30.835791,22.516812,33.476685,29.171630
1308,43.600000,0,,28.388376,30.835791,22.516812,33.476685,29.171630
1309,43.633333,0,,28.388376,30.835791,22.516812,33.476685,29.171630
1310,43.666667,0,,28.388376,30.835791,22.516812,33.476685,29.171630
1311,43.700000,0,,28.388376,30.835791,22.516812,33.476685,29.171630
1312,43.733333,0,,28.388376,30.835791,22.516812,33.476685,29.171630
1313,43.766667,0,,28.388376,30.835791,22.516812,33.476685,29.171630
1314,43.800000,0,,28.388376,30.835791,22.516812,33.476685,29.171630
1315,43.833333,0,,28.388376,30.835791,22.516812,33.476685,29.171630
1316,43.866667,0,,28.388376,30.835791,22.516812,33.476685,29.171630
1317,43.900000,0,,28.388376,30.835791,22.516812,33.476685,29.171630
1318,43.933333,0,,28.388376,30.835791,22.516812,33.476685,29.171630
1319,43.966667,0,,28.388376,30.835791,22.516812,33.476685,29.171630
1320,44.000000,0,,28.388376,30.835791,22.516812,33.476685,29.171630
1321,44.033333,0,,28.388376,30.835791,22.516812,33.476685,29.171630
1322,44.066667,0,,28.388376,30.835791,22.516812,33.476685,29.171630
1323,44.100000,0,,28.388376,30.835791,22.516812,33.476685,29.171630
1324,44.133333,0,,28.388376,30.835791,22.516812,33.476685,29.171630
1325,44.166667,0,,28.388376,30.835791,22.516812,33.476685,29.171630
1326,44.200000,0,,28.388376,30.835791,22.516812,33.476685,29.171630
1327,44.233333,0,,28.388376,30.835791,22.516812,33.476685,29.171630
1328,44.266667,0,,28.388376,30.835791,22.516812,33.476685,29.171630
1329,44.300000,0,,28.388376,30.835791,22.516812,33.476685,29.171630
1330,44.333333,0,,28.388376,30.835791,22.516812,33.476685,29.171630
1331,44.366667,0,,28.388376,30.835791,22.516812,33.476685,29.171630
1332,44.400000,0,,28.388376,30.835791,22.516812,33.476685,29.171630
1333,44.433333,0,,28.388376,30.835791,22.516812,33.476685,29.171630
1334,44.466667,0,,28.388376,30.835791,22.516812,33.476685,29.171630
1335,44.500000,0,,28.388376,30.835791,22.516812,33.476685,29.171630
1336,44.533333,0,,28.388376,30.835791,22.516812,33.476685,29.171630
1337,44.566667,0,,28.388376,30.835791,22.516812,33.476685,29.171630
1338,44.600000,0,,28.388376,30.835791,22.516812,33.476685,29.171630
1339,44.633333,0,,28.388376,30.835791,22.516812,33.476685,29.171630
1340,44.666667,0,,28.388376,30.835791,22.516812,33.476685,29.171630
1341,44.700000,0,,28.388376,30.835791,22.516812,33.476685,29.171630
1342,44.733333,0,,28.388376,30.835791,22.516812,33.476685,29.171630
1343,44.766667,0,,28.388376,30.835791,22.516812,33.476685,29.171630
1344,44.800000,0,,28.388376,30.835791,22.516812,33.476685,29.171630
1345,44.833333,0,,28.388376,30.835791,22.516812,33.476685,29.171630
1346,44.866667,0,,28.388376,30.835791,22.516812,33.476685,29.171630
1347,44.900000,0,,28.388376,30.835791,22.516812,33.476685,29.171630
1348,44.933333,0,,28.388376,30.835791,22.516812,33.476685,29.171630
1349,44.966667,0,,28.388376,30.835791,22.516812,33.476685,29.171630
1350,45.000000,0,,28.388376,30.835791,22.516812,33.476685,29.171630
1351,45.033333,0,,28.388376,30.835791,22.516812,33.476685,29.171630
1352,45.066667,0,,28.388376,30.835791,22.516812,33.476685,29.171630
1353,45.100000,0,,28.388376,30.835791,22.516812,33.476685,29.171630
1354,45.133333,0,,28.388376,30.835791,22.516812,33.476685,29.171630
1355,45.166667,0,,28.388376,30.835791,22.516812,33.476685,29.171630
1356,45.200000,0,,28.388376,30.835791,22.516812,33.476685,29.171630
1357,45.233333,0,,28.388376,30.835791,22.516812,33.476685,29.171630
1358,45.266667,0,,28.388376,30.835791,22.516812,33.476685,29.171630
1359,45.300000,0,,28.388376,30.835791,22.516812,33.476685,29.171630
1360,45.333333,0,,28.388376,30.835791,22.516812,33.476685,29.171630
1361,45.366667,0,,28.388376,30.835791,22.516812,33.476685,29.171630
1362,45.400000,0,,28.388376,30.835791,22.516812,33.476685,29.171630
1363,45.433333,0,,28.388376,30.835791,22.516812,33.476685,29.171630
1364,45.466667,0,,28.388376,30.835791,22.516812,33.476685,29.171630
1365,45.500000,0,,28.388376,30.835791,22.516812,33.476685,29.171630
1366,45.533333,0,,28.388376,30.835791,22.516812,33.476685,29.171630
1367,45.566667,0,,28.388376,30.835791,22.516812,33.476685,29.171630
1368,45.600000,0,,28.388376,30.835791,22.516812,33.476685,29.171630
1369,45.633333,0,,28.388376,30.835791,22.516812,33.476685,29.171630
1370,45.666667,0,,28.388376,30.835791,22.516812,33.476685,29.171630
1371,45.700000,0,,28.388376,30.835791,22.516812,33.476685,29.171630
1372,45.733333,0,,28.388376,30.835791,22.516812,33.476685,29.171630
1373,45.766667,0,,28.388376,30.835791,22.516812,33.476685,29.171630
1374,45.800000,0,,28.388376,30.835791,22.516812,33.476685,29.171630
1375,45.833333,0,,28.388376,30.835791,22.516812,33.476685,29.171630
1376,45.866667,0,,28.388376,30.835791,22.516812,33.476685,29.171630
1377,45.900000,0,,28.388376,30.835791,22.516812,33.476685,29.171630
1378,45.933333,0,,28.388376,30.835791,22.516812,33.476685,29.171630
1379,45.966667,0,,28.388376,30.835791,22.516812,33.476685,29.171630
1380,46.000000,0,,28.388376,30.835791,22.516812,33.476685,29.171630
1381,46.033333,0,,28.388376,30.835791,22.516812,33.476685,29.171630
1382,46.066667,0,,28.388376,30.835791,22.516812,33.476685,29.171630
1383,46.100000,0,,28.388376,30.835791,22.516812,33.476685,29.171630
1384,46.133333,0,,28.388376,30.835791,22.516812,33.476685,29.171630
1385,46.166667,0,,28.388376,30.835791,22.516812,33.476685,29.171630
1386,46.200000,0,,28.388376,30.835791,22.516812,33.476685,29.171630
1387,46.233333,0,,28.388376,30.835791,22.516812,33.476685,29.171630
1388,46.266667,0,,28.388376,30.835791,22.516812,33.476685,29.171630
1389,46.300000,0,,28.388376,30.835791,22.516812,33.476685,29.171630
1390,46.333333,0,,28.388376,30.835791,22.516812,33.476685,29.171630
1391,46.366667,0,,28.388376,30.835791,22.516812,33.476685,29.171630
1392,46.400000,0,,28.388376,30.835791,22.516812,33.476685,29.171630
1393,46.433333,0,,28.388376,30.835791,22.516812,33.476685,29.171630
1394,46.466667,0,,28.388376,30.835791,22.516812,33.476685,29.171630
1395,46.500000,0,,28.388376,30.835791,22.516812,33.476685,29.171630
1396,46.533333,0,,28.388376,30.835791,22.516812,33.476685,29.171630
1397,46.566667,0,,28.388376,30.835791,22.516812,33.476685,29.171630
1398,46.600000,0,,28.388376,30.835791,22.516812,33.476685,29.171630
1399,46.633333,0,,28.388376,30.835791,22.516812,33.476685,29.171630
1400,46.666667,0,,28.388376,30.835791,22.516812,33.476685,29.171630
1401,46.700000,0,,28.388376,30.835791,22.516812,33.476685,29.171630
1402,46.733333,0,,28.388376,30.835791,22.516812,33.476685,29.171630
1403,46.766667,0,,28.388376,30.835791,22.516812,33.476685,29.171630
1404,46.800000,0,,28.388376,30.835791,22.516812,33.476685,29.171630
1405,46.833333,0,,28.388376,30.835791,22.516812,33.476685,29.171630
1406,46.866667,0,,28.388376,30.835791,22.516812,33.476685,29.171630
1407,46.900000,0,,28.388376,30.835791,22.516812,33.476685,29.171630
1408,46.933333,0,,28.388376,30.835791,22.516812,33.476685,29.171630
1409,46.966667,0,,28.388376,30.835791,22.516812,33.476685,29.171630
1410,47.000000,0,,28.388376,30.835791,22.516812,33.476685,29.171630
1411,47.033333,0,,28.388376,30.835791,22.516812,33.476685,29.171630
1412,47.066667,0,,28.388376,30.835791,22.516812,33.476685,29.171630
1413,47.100000,0,,28.388376,30.835791,22.516812,33.476685,29.171630
1414,47.133333,0,,28.388376,30.835791,22.516812,33.476685,29.171630
1415,47.166667,0,,28.388376,30.835791,22.516812,33.476685,29.171630
1416,47.200000,0,,28.388376,30.835791,22.516812,33.476685,29.171630
1417,47.233333,0,,28.388376,30.835791,22.516812,33.476685,29.171630
1418,47.266667,0,,28.388376,30.835791,22.516812,33.476685,29.171630
1419,47.300000,0,,28.388376,30.835791,22.516812,33.476685,29.171630
1420,47.333333,0,,28.388376,30.835791,22.516812,33.476685,29.171630
1421,47.366667,0,,28.388376,30.835791,22.516812,33.476685,29.171630
1422,47.400000,0,,28.388376,30.835791,22.516812,33.476685,29.171630
1423,47.433333,0,,28.388376,30.835791,22.516812,33.476685,29.171630
1424,47.466667,0,,28.388376,30.835791,22.516812,33.476685,29.171630
1425,47.500000,0,,28.388376,30.835791,22.516812,33.476685,29.171630
1426,47.533333,0,,28.388376,30.835791,22.516812,33.476685,29.171630
1427,47.566667,0,,28.388376,30.835791,22.516812,33.476685,29.171630
1428,47.600000,0,,28.388376,30.835791,22.516812,33.476685,29.171630
1429,47.633333,0,,28.388376,30.835791,22.516812,33.476685,29.171630
1430,47.666667,0,,28.388376,30.835791,22.516812,33.476685,29.171630
1431,47.700000,0,,28.388376,30.835791,22.516812,33.476685,29.171630
1432,47.733333,0,,28.388376,30.835791,22.516812,33.476685,29.171630
1433,47.766667,0,,28.388376,30.835791,22.516812,33.476685,29.171630
1434,47.800000,0,,28.388376,30.835791,22.516812,33.476685,29.171630
1435,47.833333,0,,28.388376,30.835791,22.516812,33.476685,29.171630
1436,47.866667,0,,28.388376,30.835791,22.516812,33.476685,29.171630
1437,47.900000,0,,28.388376,30.835791,22.516812,33.476685,29.171630
1438,47.933333,0,,28.388376,30.835791,22.516812,33.476685,29.171630
1439,47.966667,0,,28.388376,30.835791,22.516812,33.476685,29.171630
1440,48.000000,0,,28.448773,30.897569,22.594146,33.535531,29.216643
1441,48.033333,0,,28.464485,30.907595,22.610972,33.542157,29.240327
1442,48.066667,0,,28.460139,30.904874,22.605579,33.540567,29.234269
1443,48.100000,0,,28.464592,30.907735,22.611021,33.542327,29.240429
1444,48.133333,0,,28.449566,30.898281,22.595063,33.536172,29.217463
1445,48.166667,0,,28.450475,30.898581,22.595811,33.536169,29.219446
1446,48.200000,0,,28.450334,30.898483,22.595602,33.536109,29.219290
1447,48.233333,0,,28.450454,30.898560,22.595792,33.536147,29.219424
1448,48.266667,0,,28.449563,30.898268,22.595065,33.536151,29.217474
1449,48.300000,0,,28.449563,30.898268,22.595065,33.536151,29.217474
1450,48.333333,0,,28.449563,30.898268,22.595065,33.536151,29.217474
1451,48.366667,0,,28.449563,30.898268,22.595065,33.536151,29.217474
1452,48.400000,0,,28.449563,30.898268,22.595065,33.536151,29.217474
1453,48.433333,0,,28.449563,30.898268,22.595065,33.536151,29.217474
1454,48.466667,0,,28.449563,30.898268,22.595065,33.536151,29.217474
1455,48.500000,0,,28.449563,30.898268,22.595065,33.536151,29.217474
1456,48.533333,0,,28.449563,30.898268,22.595065,33.536151,29.217474
1457,48.566667,0,,28.449563,30.898268,22.595065,33.536151,29.217474
1458,48.600000,0,,28.449563,30.898268,22.595065,33.536151,29.217474
1459,48.633333,0,,28.449563,30.898268,22.595065,33.536151,29.217474
1460,48.666667,0,,28.449563,30.898268,22.595065,33.536151,29.217474
1461,48.700000,0,,28.449563,30.898268,22.595065,33.536151,29.217474
1462,48.733333,0,,28.449563,30.898268,22.595065,33.536151,29.217474
1463,48.766667,0,,28.449563,30.898268,22.595065,33.536151,29.217474
1464,48.800000,0,,28.449563,30.898268,22.595065,33.536151,29.217474
1465,48.833333,0,,28.449563,30.898268,22.595065,33.536151,29.217474
1466,48.866667,0,,28.449563,30.898268,22.595065,33.536151,29.217474
1467,48.900000,0,,28.449563,30.898268,22.595065,33.536151,29.217474
1468,48.933333,0,,28.449563,30.898268,22.595065,33.536151,29.217474
1469,48.966667,0,,28.449563,30.898268,22.595065,33.536151,29.217474
1470,49.000000,0,,28.449563,30.898268,22.595065,33.536151,29.217474
1471,49.033333,0,,28.449563,30.898268,22.595065,33.536151,29.217474
1472,49.066667,0,,28.449563,30.898268,22.595065,33.536151,29.217474
1473,49.100000,0,,28.449563,30.898268,22.595065,33.536151,29.217474
1474,49.133333,0,,28.449563,30.898268,22.595065,33.536151,29.217474
1475,49.166667,0,,28.449563,30.898268,22.595065,33.536151,29.217474
1476,49.200000,0,,28.449563,30.898268,22.595065,33.536151,29.217474
1477,49.233333,0,,28.449563,30.898268,22.595065,33.536151,29.217474
1478,49.266667,0,,28.449563,30.898268,22.595065,33.536151,29.217474
1479,49.300000,0,,28.449563,30.898268,22.595065,33.536151,29.217474
1480,49.333333,0,,28.449563,30.898268,22.595065,33.536151,29.217474
1481,49.366667,0,,28.449563,30.898268,22.595065,33.536151,29.217474
1482,49.400000,0,,28.449563,30.898268,22.595065,33.536151,29.217474
1483,49.433333,0,,28.449563,30.898268,22.595065,33.536151,29.217474
1484,49.466667,0,,28.449563,30.898268,22.595065,33.536151,29.217474
1485,49.500000,0,,28.449563,30.898268,22.595065,33.536151,29.217474
1486,49.533333,0,,28.449563,30.898268,22.595065,33.536151,29.217474
1487,49.566667,0,,28.449563,30.898268,22.595065,33.536151,29.217474
1488,49.600000,0,,28.449563,30.898268,22.595065,33.536151,29.217474
1489,49.633333,0,,28.449563,30.898268,22.595065,33.536151,29.217474
1490,49.666667,0,,28.449563,30.898268,22.595065,33.536151,29.217474
1491,49.700000,0,,28.449563,30.898268,22.595065,33.536151,29.217474
1492,49.733333,0,,28.449563,30.898268,22.595065,33.536151,29.217474
1493,49.766667,0,,28.449563,30.898268,22.595065,33.536151,29.217474
1494,49.800000,0,,28.449563,30.898268,22.595065,33.536151,29.217474
1495,49.833333,0,,28.449563,30.898268,22.595065,33.536151,29.217474
1496,49.866667,0,,28.449563,30.898268,22.595065,33.536151,29.217474
1497,49.900000,0,,28.449563,30.898268,22.595065,33.536151,29.217474
1498,49.933333,0,,28.449563,30.898268,22.595065,33.536151,29.217474
1499,49.966667,0,,28.449563,30.898268,22.595065,33.536151,29.217474
1500,50.000000,0,,28.449563,30.898268,22.595065,33.536151,29.217474
1501,50.033333,0,,28.449563,30.898268,22.595065,33.536151,29.217474
1502,50.066667,0,,28.449563,30.898268,22.595065,33.536151,29.217474
1503,50.100000,0,,28.449563,30.898268,22.595065,33.536151,29.217474
1504,50.133333,0,,28.449563,30.898268,22.595065,33.536151,29.217474
1505,50.166667,0,,28.449563,30.898268,22.595065,33.536151,29.217474
1506,50.200000,0,,28.449563,30.898268,22.595065,33.536151,29.217474
1507,50.233333,0,,28.449563,30.898268,22.595065,33.536151,29.217474
1508,50.266667,0,,28.449563,30.898268,22.595065,33.536151,29.217474
1509,50.300000,0,,28.449563,30.898268,22.595065,33.536151,29.217474
1510,50.333333,0,,28.449563,30.898268,22.595065,33.536151,29.217474
1511,50.366667,0,,28.449563,30.898268,22.595065,33.536151,29.217474
1512,50.400000,0,,28.449563,30.898268,22.595065,33.536151,29.217474
1513,50.433333,0,,28.449563,30.898268,22.595065,33.536151,29.217474
1514,50.466667,0,,28.449563,30.898268,22.595065,33.536151,29.217474
1515,50.500000,0,,28.449563,30.898268,22.595065,33.536151,29.217474
1516,50.533333,0,,28.449563,30.898268,22.595065,33.536151,29.217474
1517,50.566667,0,,28.449563,30.898268,22.595065,33.536151,29.217474
1518,50.600000,0,,28.449563,30.898268,22.595065,33.536151,29.217474
1519,50.633333,0,,28.449563,30.898268,22.595065,33.536151,29.217474
1520,50.666667,0,,28.449563,30.898268,22.595065,33.536151,29.217474
1521,50.700000,0,,28.449563,30.898268,22.595065,33.536151,29.217474
1522,50.733333,0,,28.449563,30.898268,22.595065,33.536151,29.217474
1523,50.766667,0,,28.449563,30.898268,22.595065,33.536151,29.217474
1524,50.800000,0,,28.449563,30.898268,22.595065,33.536151,29.217474
1525,50.833333,0,,28.449563,30.898268,22.595065,33.536151,29.217474
1526,50.866667,0,,28.449563,30.898268,22.595065,33.536151,29.217474
1527,50.900000,0,,28.449563,30.898268,22.595065,33.536151,29.217474
1528,50.933333,0,,28.449563,30.898268,22.595065,33.536151,29.217474
1529,50.966667,0,,28.449563,30.898268,22.595065,33.536151,29.217474
1530,51.000000,0,,28.449563,30.898268,22.595065,33.536151,29.217474
1531,51.033333,0,,28.449563,30.898268,22.595065,33.536151,29.217474
1532,51.066667,0,,28.449563,30.898268,22.595065,33.536151,29.217474
1533,51.100000,0,,28.449563,30.898268,22.595065,33.536151,29.217474
1534,51.133333,0,,28.449563,30.898268,22.595065,33.536151,29.217474
1535,51.166667,0,,28.449563,30.898268,22.595065,33.536151,29.217474
1536,51.200000,0,,28.449563,30.898268,22.595065,33.536151,29.217474
1537,51.233333,0,,28.449563,30.898268,22.595065,33.536151,29.217474
1538,51.266667,0,,28.449563,30.898268,22.595065,33.536151,29.217474
1539,51.300000,0,,28.449563,30.898268,22.595065,33.536151,29.217474
1540,51.333333,0,,28.449563,30.898268,22.595065,33.536151,29.217474
1541,51.366667,0,,28.449563,30.898268,22.595065,33.536151,29.217474
1542,51.400000,0,,28.449563,30.898268,22.595065,33.536151,29.217474
1543,51.433333,0,,28.449563,30.898268,22.595065,33.536151,29.217474
1544,51.466667,0,,28.449563,30.898268,22.595065,33.536151,29.217474
1545,51.500000,0,,28.449563,30.898268,22.595065,33.536151,29.217474
1546,51.533333,0,,28.449563,30.898268,22.595065,33.536151,29.217474
1547,51.566667,0,,28.449563,30.898268,22.595065,33.536151,29.217474
1548,51.600000,0,,28.449563,30.898268,22.595065,33.536151,29.217474
1549,51.633333,0,,28.449563,30.898268,22.595065,33.536151,29.217474
1550,51.666667,0,,28.449563,30.898268,22.595065,33.536151,29.217474
1551,51.700000,0,,28.449563,30.898268,22.595065,33.536151,29.217474
1552,51.733333,0,,28.449563,30.898268,22.595065,33.536151,29.217474
1553,51.766667,0,,28.449563,30.898268,22.595065,33.536151,29.217474
1554,51.800000,0,,28.449563,30.898268,22.595065,33.536151,29.217474
1555,51.833333,0,,28.449563,30.898268,22.595065,33.536151,29.217474
1556,51.866667,0,,28.449563,30.898268,22.595065,33.536151,29.217474
1557,51.900000,0,,28.449563,30.898268,22.595065,33.536151,29.217474
1558,51.933333,0,,28.449563,30.898268,22.595065,33.536151,29.217474
1559,51.966667,0,,28.449563,30.898268,22.595065,33.536151,29.217474
1560,52.000000,0,,28.449563,30.898268,22.595065,33.536151,29.217474
1561,52.033333,0,,28.449563,30.898268,22.595065,33.536151,29.217474
1562,52.066667,0,,28.449563,30.898268,22.595065,33.536151,29.217474
1563,52.100000,0,,28.449563,30.898268,22.595065,33.536151,29.217474
1564,52.133333,0,,28.449563,30.898268,22.595065,33.536151,29.217474
1565,52.166667,0,,28.449563,30.898268,22.595065,33.536151,29.217474
1566,52.200000,0,,28.449563,30.898268,22.595065,33.536151,29.217474
1567,52.233333,0,,28.449563,30.898268,22.595065,33.536151,29.217474
1568,52.266667,0,,28.449563,30.898268,22.595065,33.536151,29.217474
1569,52.300000,0,,28.449563,30.898268,22.595065,33.536151,29.217474
1570,52.333333,0,,28.449563,30.898268,22.595065,33.536151,29.217474
1571,52.366667,0,,28.449563,30.898268,22.595065,33.536151,29.217474
1572,52.400000,0,,28.449563,30.898268,22.595065,33.536151,29.217474
1573,52.433333,0,,28.449563,30.898268,22.595065,33.536151,29.217474
1574,52.466667,0,,28.449563,30.898268,22.595065,33.536151,29.217474
1575,52.500000,0,,28.449563,30.898268,22.595065,33.536151,29.217474
1576,52.533333,0,,28.449563,30.898268,22.595065,33.536151,29.217474
1577,52.566667,0,,28.449563,30.898268,22.595065,33.536151,29.217474
1578,52.600000,0,,28.449563,30.898268,22.595065,33.536151,29.217474
1579,52.633333,0,,28.449563,30.898268,22.595065,33.536151,29.217474
1580,52.666667,0,,28.449563,30.898268,22.595065,33.536151,29.217474
1581,52.700000,0,,28.449563,30.898268,22.595065,33.536151,29.217474
1582,52.733333,0,,28.449563,30.898268,22.595065,33.536151,29.217474
1583,52.766667,0,,28.449563,30.898268,22.595065,33.536151,29.217474
1584,52.800000,0,,28.449563,30.898268,22.595065,33.536151,29.217474
1585,52.833333,0,,28.449563,30.898268,22.595065,33.536151,29.217474
1586,52.866667,0,,28.449563,30.898268,22.595065,33.536151,29.217474
1587,52.900000,0,,28.449563,30.898268,22.595065,33.536151,29.217474
1588,52.933333,0,,28.449563,30.898268,22.595065,33.536151,29.217474
1589,52.966667,0,,28.449563,30.898268,22.595065,33.536151,29.217474
1590,53.000000,0,,28.449563,30.898268,22.595065,33.536151,29.217474
1591,53.033333,0,,28.449563,30.898268,22.595065,33.536151,29.217474
1592,53.066667,0,,28.449563,30.898268,22.595065,33.536151,29.217474
1593,53.100000,0,,28.449563,30.898268,22.595065,33.536151,29.217474
1594,53.133333,0,,28.449563,30.898268,22.595065,33.536151,29.217474
1595,53.166667,0,,28.449563,30.898268,22.595065,33.536151,29.217474
1596,53.200000,0,,28.449563,30.898268,22.595065,33.536151,29.217474
1597,53.233333,0,,28.449563,30.898268,22.595065,33.536151,29.217474
1598,53.266667,0,,28.449563,30.898268,22.595065,33.536151,29.217474
1599,53.300000,0,,28.449563,30.898268,22.595065,33.536151,29.217474
1600,53.333333,0,,28.449563,30.898268,22.595065,33.536151,29.217474
1601,53.366667,0,,28.449563,30.898268,22.595065,33.536151,29.217474
1602,53.400000,0,,28.449563,30.898268,22.595065,33.536151,29.217474
1603,53.433333,0,,28.449563,30.898268,22.595065,33.536151,29.217474
1604,53.466667,0,,28.449563,30.898268,22.595065,33.536151,29.217474
1605,53.500000,0,,28.449563,30.898268,22.595065,33.536151,29.217474
1606,53.533333,0,,28.449563,30.898268,22.595065,33.536151,29.217474
1607,53.566667,0,,28.449563,30.898268,22.595065,33.536151,29.217474
1608,53.600000,0,,28.449563,30.898268,22.595065,33.536151,29.217474
1609,53.633333,0,,28.449563,30.898268,22.595065,33.536151,29.217474
1610,53.666667,0,,28.449563,30.898268,22.595065,33.536151,29.217474
1611,53.700000,0,,28.449563,30.898268,22.595065,33.536151,29.217474
1612,53.733333,0,,28.449563,30.898268,22.595065,33.536151,29.217474
1613,53.766667,0,,28.449563,30.898268,22.595065,33.536151,29.217474
1614,53.800000,0,,28.449563,30.898268,22.595065,33.536151,29.217474
1615,53.833333,0,,28.449563,30.898268,22.595065,33.536151,29.217474
1616,53.866667,0,,28.449563,30.898268,22.595065,33.536151,29.217474
1617,53.900000,0,,28.449563,30.898268,22.595065,33.536151,29.217474
1618,53.933333,0,,28.449563,30.898268,22.595065,33.536151,29.217474
1619,53.966667,0,,28.449563,30.898268,22.595065,33.536151,29.217474
1620,54.000000,0,,28.449563,30.898268,22.595065,33.536151,29.217474
1621,54.033333,0,,28.449563,30.898268,22.595065,33.536151,29.217474
1622,54.066667,0,,28.449563,30.898268,22.595065,33.536151,29.217474
1623,54.100000,0,,28.449563,30.898268,22.595065,33.536151,29.217474
1624,54.133333,0,,28.449563,30.898268,22.595065,33.536151,29.217474
